frame,timestamp,inference_ms,processing_fps,black_pixels,lashing_pixels,messenger_pixels,black_confidence,lashing_confidence,messenger_confidence,bundle_confidence,contact_confidence,bundle_valid,messenger_intensity_mean,messenger_intensity_std,validation_reason,target_state,consecutive_valid_frames,target_found,target_locked,target_x,target_y,target_proximity,stale_frames,stand_found,stand_locked,stand_fresh,stand_confidence,stand_black_support,stand_x,stand_y,stand_proximity,stand_reason,pidnet_roi_x1,pidnet_roi_y1,pidnet_roi_x2,pidnet_roi_y2,mission_state,mission_reason,command_forward,command_right,command_down,command_yaw_rate
0,0.000000,297.904,2.956,0,0,0,0.000000,0.000000,0.000000,0.000000,0.000000,0,0.000,0.000,NO BLACK,NO BUNDLE,0,0,0,,,,0,1,0,1,0.702841,0.872826,782,156,0.259259,ACQUIRING STAND 1/4,,,,,,,,,,
1,0.033333,39.823,5.439,0,0,0,0.000000,0.000000,0.000000,0.000000,0.000000,0,0.000,0.000,NO BLACK,NO BUNDLE,0,0,0,,,,0,1,0,1,0.702841,0.872826,782,156,0.259259,ACQUIRING STAND 1/4,,,,,,,,,,
2,0.066667,30.904,7.107,0,0,0,0.000000,0.000000,0.000000,0.000000,0.000000,0,0.000,0.000,NO BLACK,NO BUNDLE,0,0,0,,,,0,1,0,0,0.702841,0.872826,782,156,0.259259,STAND TARGET JUMP REJECTED,,,,,,,,,,
3,0.100000,34.626,9.612,2166,0,0,0.781845,0.000000,0.000000,0.000000,0.000000,0,0.000,0.000,NO LASHING,NO BUNDLE,0,0,0,,,,0,1,0,0,0.702841,0.872826,782,156,0.259259,STAND TARGET JUMP REJECTED,,,,,,,,,,
4,0.133333,28.972,10.587,2803,0,270,0.666222,0.000000,0.636154,0.000000,0.000000,0,0.000,0.000,NO LASHING,NO BUNDLE,0,0,0,,,,0,1,0,0,0.702841,0.872826,782,156,0.259259,STAND TARGET JUMP REJECTED,,,,,,,,,,
5,0.166667,33.370,12.561,80,0,0,0.554948,0.000000,0.000000,0.000000,0.000000,0,0.000,0.000,NO BLACK,NO BUNDLE,0,0,0,,,,0,1,0,0,0.702841,0.872826,782,156,0.259259,STAND TARGET JUMP REJECTED,,,,,,,,,,
6,0.200000,31.678,13.087,0,0,213,0.000000,0.000000,0.656475,0.000000,0.000000,0,0.000,0.000,NO BLACK,NO BUNDLE,0,0,0,,,,0,1,0,0,0.702841,0.872826,782,156,0.259259,STAND TARGET JUMP REJECTED,,,,,,,,,,
7,0.233333,30.756,15.239,180,0,0,0.564788,0.000000,0.000000,0.000000,0.000000,0,0.000,0.000,NO BLACK,NO BUNDLE,0,0,0,,,,0,1,0,0,0.702841,0.872826,782,156,0.259259,STAND TARGET JUMP REJECTED,,,,,,,,,,
8,0.266667,35.091,15.261,2072,0,0,0.672587,0.000000,0.000000,0.000000,0.000000,0,0.000,0.000,NO LASHING,NO BUNDLE,0,0,0,,,,0,0,0,0,0.000000,0.000000,,,,STAND TARGET JUMP REJECTED,,,,,,,,,,
9,0.300000,31.190,15.534,2368,0,0,0.760591,0.000000,0.000000,0.000000,0.000000,0,0.000,0.000,NO LASHING,NO BUNDLE,0,0,0,,,,0,1,0,1,0.949853,0.586691,726,486,0.885185,ACQUIRING STAND 1/4,,,,,,,,,,
10,0.333333,32.290,15.615,1979,0,0,0.768076,0.000000,0.000000,0.000000,0.000000,0,0.000,0.000,NO LASHING,NO BUNDLE,0,0,0,,,,0,1,0,1,1.000000,0.622206,836,508,0.824074,ACQUIRING STAND 2/4,,,,,,,,,,
11,0.366667,32.554,17.054,30,0,0,0.528721,0.000000,0.000000,0.000000,0.000000,0,0.000,0.000,NO BLACK,NO BUNDLE,0,0,0,,,,0,1,0,1,1.000000,0.622206,836,508,0.824074,ACQUIRING STAND 2/4,,,,,,,,,,
12,0.400000,34.676,16.943,0,0,0,0.000000,0.000000,0.000000,0.000000,0.000000,0,0.000,0.000,NO BLACK,NO BUNDLE,0,0,0,,,,0,1,0,1,0.936687,0.630283,755,418,0.700833,ACQUIRING STAND 3/4,,,,,,,,,,
13,0.433333,32.708,18.092,0,0,0,0.000000,0.000000,0.000000,0.000000,0.000000,0,0.000,0.000,NO BLACK,NO BUNDLE,0,0,0,,,,0,1,0,1,0.936687,0.630283,755,418,0.700833,ACQUIRING STAND 3/4,,,,,,,,,,
14,0.466667,33.967,17.799,0,0,0,0.000000,0.000000,0.000000,0.000000,0.000000,0,0.000,0.000,NO BLACK,NO BUNDLE,0,0,0,,,,0,1,1,1,0.945000,0.671069,690,424,0.714634,STAND LOCKED,,,,,,,,,,
15,0.500000,36.888,18.650,0,0,0,0.000000,0.000000,0.000000,0.000000,0.000000,0,0.000,0.000,NO BLACK,NO BUNDLE,0,0,0,,,,0,1,1,1,0.945000,0.671069,690,424,0.714634,STAND LOCKED,,,,,,,,,,
16,0.533333,30.940,18.216,0,0,0,0.000000,0.000000,0.000000,0.000000,0.000000,0,0.000,0.000,NO BLACK,NO BUNDLE,0,0,0,,,,0,1,1,1,0.758012,0.603967,732,532,0.536493,STAND LOCKED,,,,,,,,,,
17,0.566667,33.433,19.045,0,0,0,0.000000,0.000000,0.000000,0.000000,0.000000,0,0.000,0.000,NO BLACK,NO BUNDLE,0,0,0,,,,0,1,1,1,0.758012,0.603967,732,532,0.536493,STAND LOCKED,,,,,,,,,,
18,0.600000,34.788,18.579,0,0,0,0.000000,0.000000,0.000000,0.000000,0.000000,0,0.000,0.000,NO BLACK,NO BUNDLE,0,0,0,,,,0,1,1,1,0.877500,0.696732,718,486,0.606051,STAND LOCKED,,,,,,,,,,
19,0.633333,32.294,19.464,0,0,0,0.000000,0.000000,0.000000,0.000000,0.000000,0,0.000,0.000,NO BLACK,NO BUNDLE,0,0,0,,,,0,1,1,1,0.877500,0.696732,718,486,0.606051,STAND LOCKED,,,,,,,,,,
20,0.666667,34.150,18.823,0,0,0,0.000000,0.000000,0.000000,0.000000,0.000000,0,0.000,0.000,NO BLACK,NO BUNDLE,0,0,0,,,,0,1,1,1,1.000000,0.695407,812,440,0.681658,STAND LOCKED,,,,,,,,,,
21,0.700000,31.083,20.029,0,0,0,0.000000,0.000000,0.000000,0.000000,0.000000,0,0.000,0.000,NO BLACK,NO BUNDLE,0,0,0,,,,0,1,1,1,1.000000,0.695407,812,440,0.681658,STAND LOCKED,,,,,,,,,,
22,0.733333,33.826,19.437,56,0,0,0.556569,0.000000,0.000000,0.000000,0.000000,0,0.000,0.000,NO BLACK,NO BUNDLE,0,0,0,,,,0,1,1,1,0.976910,0.674610,849,452,0.741654,STAND LOCKED,,,,,,,,,,
23,0.766667,32.811,20.327,66,0,0,0.581782,0.000000,0.000000,0.000000,0.000000,0,0.000,0.000,NO BLACK,NO BUNDLE,0,0,0,,,,0,1,1,1,0.976910,0.674610,849,452,0.741654,STAND LOCKED,,,,,,,,,,
24,0.800000,33.612,19.653,0,0,0,0.000000,0.000000,0.000000,0.000000,0.000000,0,0.000,0.000,NO BLACK,NO BUNDLE,0,0,0,,,,0,1,1,1,0.973906,0.638443,737,456,0.749300,STAND LOCKED,,,,,,,,,,
25,0.833333,36.329,20.147,0,0,0,0.000000,0.000000,0.000000,0.000000,0.000000,0,0.000,0.000,NO BLACK,NO BUNDLE,0,0,0,,,,0,1,1,1,0.973906,0.638443,737,456,0.749300,STAND LOCKED,,,,,,,,,,
26,0.866667,31.338,19.436,0,0,0,0.000000,0.000000,0.000000,0.000000,0.000000,0,0.000,0.000,NO BLACK,NO BUNDLE,0,0,0,,,,0,1,1,1,0.911099,0.615397,801,424,0.710472,STAND LOCKED,,,,,,,,,,
27,0.900000,33.782,20.136,0,0,0,0.000000,0.000000,0.000000,0.000000,0.000000,0,0.000,0.000,NO BLACK,NO BUNDLE,0,0,0,,,,0,1,1,1,0.911099,0.615397,801,424,0.710472,STAND LOCKED,,,,,,,,,,
28,0.933333,34.332,19.466,0,0,0,0.000000,0.000000,0.000000,0.000000,0.000000,0,0.000,0.000,NO BLACK,NO BUNDLE,0,0,0,,,,0,1,1,1,0.916169,0.609424,802,415,0.711842,STAND LOCKED,,,,,,,,,,
29,0.966667,32.017,20.459,0,0,0,0.000000,0.000000,0.000000,0.000000,0.000000,0,0.000,0.000,NO BLACK,NO BUNDLE,0,0,0,,,,0,1,1,1,0.916169,0.609424,802,415,0.711842,STAND LOCKED,,,,,,,,,,
30,1.000000,33.434,19.777,0,0,0,0.000000,0.000000,0.000000,0.000000,0.000000,0,0.000,0.000,NO BLACK,NO BUNDLE,0,0,0,,,,0,1,1,1,0.945000,0.635174,781,406,0.609588,STAND LOCKED,,,,,,,,,,
31,1.033333,34.243,20.309,0,0,0,0.000000,0.000000,0.000000,0.000000,0.000000,0,0.000,0.000,NO BLACK,NO BUNDLE,0,0,0,,,,0,1,1,1,0.945000,0.635174,781,406,0.609588,STAND LOCKED,,,,,,,,,,
32,1.066667,31.414,19.954,0,0,0,0.000000,0.000000,0.000000,0.000000,0.000000,0,0.000,0.000,NO BLACK,NO BUNDLE,0,0,0,,,,0,1,1,1,0.930583,0.630824,696,363,0.608389,STAND LOCKED,,,,,,,,,,
33,1.100000,31.723,20.854,139,0,0,0.496017,0.000000,0.000000,0.000000,0.000000,0,0.000,0.000,NO BLACK,NO BUNDLE,0,0,0,,,,0,1,1,1,0.930583,0.630824,696,363,0.608389,STAND LOCKED,,,,,,,,,,
34,1.133333,31.294,20.439,0,0,0,0.000000,0.000000,0.000000,0.000000,0.000000,0,0.000,0.000,NO BLACK,NO BUNDLE,0,0,0,,,,0,1,1,0,0.930583,0.630824,696,363,0.608389,STAND TEMPORARILY LOST (1),,,,,,,,,,
35,1.166667,33.317,20.978,0,0,0,0.000000,0.000000,0.000000,0.000000,0.000000,0,0.000,0.000,NO BLACK,NO BUNDLE,0,0,0,,,,0,1,1,0,0.930583,0.630824,696,363,0.608389,STAND TEMPORARILY LOST (1),,,,,,,,,,
36,1.200000,35.150,20.231,0,0,0,0.000000,0.000000,0.000000,0.000000,0.000000,0,0.000,0.000,NO BLACK,NO BUNDLE,0,0,0,,,,0,1,1,1,0.945000,0.652706,621,346,0.611923,STAND LOCKED,,,,,,,,,,
37,1.233333,33.896,20.708,0,0,0,0.000000,0.000000,0.000000,0.000000,0.000000,0,0.000,0.000,NO BLACK,NO BUNDLE,0,0,0,,,,0,1,1,1,0.945000,0.652706,621,346,0.611923,STAND LOCKED,,,,,,,,,,
38,1.266667,33.704,19.820,0,0,0,0.000000,0.000000,0.000000,0.000000,0.000000,0,0.000,0.000,NO BLACK,NO BUNDLE,0,0,0,,,,0,1,1,1,0.935187,0.647758,673,404,0.488745,STAND LOCKED,,,,,,,,,,
39,1.300000,33.225,20.654,1,0,0,0.507063,0.000000,0.000000,0.000000,0.000000,0,0.000,0.000,NO BLACK,NO BUNDLE,0,0,0,,,,0,1,1,1,0.935187,0.647758,673,404,0.488745,STAND LOCKED,,,,,,,,,,
40,1.333333,32.552,19.769,92,0,0,0.550528,0.000000,0.000000,0.000000,0.000000,0,0.000,0.000,NO BLACK,NO BUNDLE,0,0,0,,,,0,1,1,1,0.945000,0.654385,731,400,0.480676,STAND LOCKED,,,,,,,,,,
41,1.366667,34.660,20.341,178,0,0,0.585671,0.000000,0.000000,0.000000,0.000000,0,0.000,0.000,NO BLACK,NO BUNDLE,0,0,0,,,,0,1,1,1,0.945000,0.654385,731,400,0.480676,STAND LOCKED,,,,,,,,,,
42,1.400000,34.387,19.438,0,0,0,0.000000,0.000000,0.000000,0.000000,0.000000,0,0.000,0.000,NO BLACK,NO BUNDLE,0,0,0,,,,0,1,1,1,1.000000,0.704263,902,365,0.540193,STAND LOCKED,,,,,,,,,,
43,1.433333,36.853,19.919,0,0,0,0.000000,0.000000,0.000000,0.000000,0.000000,0,0.000,0.000,NO BLACK,NO BUNDLE,0,0,0,,,,0,1,1,1,1.000000,0.704263,902,365,0.540193,STAND LOCKED,,,,,,,,,,
44,1.466667,31.264,19.389,0,0,0,0.000000,0.000000,0.000000,0.000000,0.000000,0,0.000,0.000,NO BLACK,NO BUNDLE,0,0,0,,,,0,1,1,1,1.000000,0.726843,912,353,0.571559,STAND LOCKED,,,,,,,,,,
45,1.500000,32.163,20.021,0,0,0,0.000000,0.000000,0.000000,0.000000,0.000000,0,0.000,0.000,NO BLACK,NO BUNDLE,0,0,0,,,,0,1,1,1,1.000000,0.726843,912,353,0.571559,STAND LOCKED,,,,,,,,,,
46,1.533333,33.964,19.383,0,0,0,0.000000,0.000000,0.000000,0.000000,0.000000,0,0.000,0.000,NO BLACK,NO BUNDLE,0,0,0,,,,0,1,1,1,0.996894,0.681886,933,354,0.600952,STAND LOCKED,,,,,,,,,,
47,1.566667,31.492,20.301,97,0,0,0.560258,0.000000,0.000000,0.000000,0.000000,0,0.000,0.000,NO BLACK,NO BUNDLE,0,0,0,,,,0,1,1,1,0.996894,0.681886,933,354,0.600952,STAND LOCKED,,,,,,,,,,
48,1.600000,33.788,19.891,59,0,0,0.533183,0.000000,0.000000,0.000000,0.000000,0,0.000,0.000,NO BLACK,NO BUNDLE,0,0,0,,,,0,1,1,1,1.000000,0.669808,1005,344,0.596354,STAND LOCKED,,,,,,,,,,
49,1.633333,32.586,20.566,0,0,0,0.000000,0.000000,0.000000,0.000000,0.000000,0,0.000,0.000,NO BLACK,NO BUNDLE,0,0,0,,,,0,1,1,1,1.000000,0.669808,1005,344,0.596354,STAND LOCKED,,,,,,,,,,
50,1.666667,33.218,19.970,0,0,0,0.000000,0.000000,0.000000,0.000000,0.000000,0,0.000,0.000,NO BLACK,NO BUNDLE,0,0,0,,,,0,1,1,1,0.946738,0.629675,921,355,0.553545,STAND LOCKED,,,,,,,,,,
51,1.700000,34.161,20.347,0,0,0,0.000000,0.000000,0.000000,0.000000,0.000000,0,0.000,0.000,NO BLACK,NO BUNDLE,0,0,0,,,,0,1,1,1,0.946738,0.629675,921,355,0.553545,STAND LOCKED,,,,,,,,,,
52,1.733333,32.751,19.743,0,0,0,0.000000,0.000000,0.000000,0.000000,0.000000,0,0.000,0.000,NO BLACK,NO BUNDLE,0,0,0,,,,0,1,1,1,0.964945,0.618609,832,350,0.540391,STAND LOCKED,,,,,,,,,,
53,1.766667,34.147,20.218,0,0,0,0.000000,0.000000,0.000000,0.000000,0.000000,0,0.000,0.000,NO BLACK,NO BUNDLE,0,0,0,,,,0,1,1,1,0.964945,0.618609,832,350,0.540391,STAND LOCKED,,,,,,,,,,
54,1.800000,32.023,19.593,0,0,0,0.000000,0.000000,0.000000,0.000000,0.000000,0,0.000,0.000,NO BLACK,NO BUNDLE,0,0,0,,,,0,1,1,1,0.914994,0.589126,857,358,0.513593,STAND LOCKED,,,,,,,,,,
55,1.833333,33.207,20.225,0,0,0,0.000000,0.000000,0.000000,0.000000,0.000000,0,0.000,0.000,NO BLACK,NO BUNDLE,0,0,0,,,,0,1,1,1,0.914994,0.589126,857,358,0.513593,STAND LOCKED,,,,,,,,,,
56,1.866667,33.899,19.616,0,0,0,0.000000,0.000000,0.000000,0.000000,0.000000,0,0.000,0.000,NO BLACK,NO BUNDLE,0,0,0,,,,0,1,1,0,0.914994,0.589126,857,358,0.513593,STAND TARGET JUMP REJECTED,,,,,,,,,,
57,1.900000,33.522,20.316,0,0,0,0.000000,0.000000,0.000000,0.000000,0.000000,0,0.000,0.000,NO BLACK,NO BUNDLE,0,0,0,,,,0,1,1,0,0.914994,0.589126,857,358,0.513593,STAND TARGET JUMP REJECTED,,,,,,,,,,
58,1.933333,33.204,19.767,0,0,0,0.000000,0.000000,0.000000,0.000000,0.000000,0,0.000,0.000,NO BLACK,NO BUNDLE,0,0,0,,,,0,1,1,0,0.914994,0.589126,857,358,0.513593,STAND TARGET JUMP REJECTED,,,,,,,,,,
59,1.966667,36.240,20.174,0,0,0,0.000000,0.000000,0.000000,0.000000,0.000000,0,0.000,0.000,NO BLACK,NO BUNDLE,0,0,0,,,,0,1,1,0,0.914994,0.589126,857,358,0.513593,STAND TARGET JUMP REJECTED,,,,,,,,,,
60,2.000000,35.814,19.497,0,0,0,0.000000,0.000000,0.000000,0.000000,0.000000,0,0.000,0.000,NO BLACK,NO BUNDLE,0,0,0,,,,0,1,1,1,0.945846,0.619779,812,299,0.473015,STAND LOCKED,,,,,,,,,,
61,2.033333,31.796,20.498,0,0,0,0.000000,0.000000,0.000000,0.000000,0.000000,0,0.000,0.000,NO BLACK,NO BUNDLE,0,0,0,,,,0,1,1,1,0.945846,0.619779,812,299,0.473015,STAND LOCKED,,,,,,,,,,
62,2.066667,34.609,19.902,0,0,0,0.000000,0.000000,0.000000,0.000000,0.000000,0,0.000,0.000,NO BLACK,NO BUNDLE,0,0,0,,,,0,1,1,1,1.000000,0.644669,745,264,0.452718,STAND LOCKED,,,,,,,,,,
63,2.100000,35.226,20.314,0,0,0,0.000000,0.000000,0.000000,0.000000,0.000000,0,0.000,0.000,NO BLACK,NO BUNDLE,0,0,0,,,,0,1,1,1,1.000000,0.644669,745,264,0.452718,STAND LOCKED,,,,,,,,,,
64,2.133333,33.010,19.771,0,0,0,0.000000,0.000000,0.000000,0.000000,0.000000,0,0.000,0.000,NO BLACK,NO BUNDLE,0,0,0,,,,0,1,1,1,0.945000,0.674487,805,245,0.438492,STAND LOCKED,,,,,,,,,,
65,2.166667,35.494,20.267,607,0,0,0.642614,0.000000,0.000000,0.000000,0.000000,0,0.000,0.000,NO LASHING,NO BUNDLE,0,0,0,,,,0,1,1,1,0.945000,0.674487,805,245,0.438492,STAND LOCKED,,,,,,,,,,
66,2.200000,37.347,19.063,2756,655,0,0.801182,0.533020,0.000000,0.667101,0.000000,0,0.000,0.000,GEOMETRY FAIL,NO BUNDLE,0,0,0,,,,0,1,1,1,1.000000,0.689448,783,235,0.428016,STAND LOCKED,,,,,,,,,,
67,2.233333,30.158,20.416,237,0,0,0.533304,0.000000,0.000000,0.000000,0.000000,0,0.000,0.000,NO BLACK,NO BUNDLE,0,0,0,,,,0,1,1,1,1.000000,0.689448,783,235,0.428016,STAND LOCKED,,,,,,,,,,
68,2.266667,35.213,19.923,97,0,0,0.543119,0.000000,0.000000,0.000000,0.000000,0,0.000,0.000,NO BLACK,NO BUNDLE,0,0,0,,,,0,1,1,1,0.885863,0.665999,899,225,0.413626,STAND LOCKED,,,,,,,,,,
69,2.300000,35.030,20.497,1054,0,0,0.705639,0.000000,0.000000,0.000000,0.000000,0,0.000,0.000,NO LASHING,NO BUNDLE,0,0,0,,,,0,1,1,1,0.885863,0.665999,899,225,0.413626,STAND LOCKED,,,,,,,,,,
70,2.333333,34.451,19.938,1918,0,0,0.780528,0.000000,0.000000,0.000000,0.000000,0,0.000,0.000,NO LASHING,NO BUNDLE,0,0,0,,,,0,1,1,1,0.996520,0.667942,881,220,0.394419,STAND LOCKED,,,,,,,,,,
71,2.366667,31.614,20.706,1615,0,0,0.719919,0.000000,0.000000,0.000000,0.000000,0,0.000,0.000,NO LASHING,NO BUNDLE,0,0,0,,,,0,1,1,1,0.996520,0.667942,881,220,0.394419,STAND LOCKED,,,,,,,,,,
72,2.400000,34.851,20.058,505,0,0,0.592172,0.000000,0.000000,0.000000,0.000000,0,0.000,0.000,NO BLACK,NO BUNDLE,0,0,0,,,,0,1,1,1,0.877118,0.699518,832,156,0.279340,STAND LOCKED,,,,,,,,,,
73,2.433333,34.352,20.652,1098,0,0,0.731530,0.000000,0.000000,0.000000,0.000000,0,0.000,0.000,NO LASHING,NO BUNDLE,0,0,0,,,,0,1,1,1,0.877118,0.699518,832,156,0.279340,STAND LOCKED,,,,,,,,,,
74,2.466667,30.932,20.293,651,0,0,0.699016,0.000000,0.000000,0.000000,0.000000,0,0.000,0.000,NO LASHING,NO BUNDLE,0,0,0,,,,0,1,1,1,0.925641,0.715520,1040,190,0.347231,STAND LOCKED,,,,,,,,,,
75,2.500000,33.308,20.763,250,0,0,0.574906,0.000000,0.000000,0.000000,0.000000,0,0.000,0.000,NO BLACK,NO BUNDLE,0,0,0,,,,0,1,1,1,0.925641,0.715520,1040,190,0.347231,STAND LOCKED,,,,,,,,,,
76,2.533333,33.088,20.211,145,0,0,0.576333,0.000000,0.000000,0.000000,0.000000,0,0.000,0.000,NO BLACK,NO BUNDLE,0,0,0,,,,0,1,1,1,0.874826,0.639687,896,181,0.303939,STAND LOCKED,,,,,,,,,,
77,2.566667,34.321,20.621,375,0,0,0.650679,0.000000,0.000000,0.000000,0.000000,0,0.000,0.000,NO BLACK,NO BUNDLE,0,0,0,,,,0,1,1,1,0.874826,0.639687,896,181,0.303939,STAND LOCKED,,,,,,,,,,
78,2.600000,31.342,20.203,551,0,0,0.597423,0.000000,0.000000,0.000000,0.000000,0,0.000,0.000,NO BLACK,NO BUNDLE,0,0,0,,,,0,1,1,1,0.983725,0.659274,941,179,0.315013,STAND LOCKED,,,,,,,,,,
79,2.633333,31.158,20.881,693,0,0,0.644952,0.000000,0.000000,0.000000,0.000000,0,0.000,0.000,NO LASHING,NO BUNDLE,0,0,0,,,,0,1,1,1,0.983725,0.659274,941,179,0.315013,STAND LOCKED,,,,,,,,,,
80,2.666667,32.632,20.483,346,0,0,0.656549,0.000000,0.000000,0.000000,0.000000,0,0.000,0.000,NO BLACK,NO BUNDLE,0,0,0,,,,0,1,1,0,0.983725,0.659274,941,179,0.315013,STAND TEMPORARILY LOST (1),,,,,,,,,,
81,2.700000,30.434,21.275,1135,0,0,0.637598,0.000000,0.000000,0.000000,0.000000,0,0.000,0.000,NO LASHING,NO BUNDLE,0,0,0,,,,0,1,1,0,0.983725,0.659274,941,179,0.315013,STAND TEMPORARILY LOST (1),,,,,,,,,,
82,2.733333,32.207,20.708,2032,0,0,0.714596,0.000000,0.000000,0.000000,0.000000,0,0.000,0.000,NO LASHING,NO BUNDLE,0,0,0,,,,0,1,1,0,0.983725,0.659274,941,179,0.315013,STAND TARGET JUMP REJECTED,,,,,,,,,,
83,2.766667,34.230,21.327,660,0,0,0.678039,0.000000,0.000000,0.000000,0.000000,0,0.000,0.000,NO LASHING,NO BUNDLE,0,0,0,,,,0,1,1,0,0.983725,0.659274,941,179,0.315013,STAND TARGET JUMP REJECTED,,,,,,,,,,
84,2.800000,28.294,20.491,436,0,0,0.679895,0.000000,0.000000,0.000000,0.000000,0,0.000,0.000,NO BLACK,NO BUNDLE,0,0,0,,,,0,1,1,1,0.756767,0.725584,939,200,0.249719,STAND LOCKED,,,,,,,,,,
85,2.833333,32.586,21.170,0,0,0,0.000000,0.000000,0.000000,0.000000,0.000000,0,0.000,0.000,NO BLACK,NO BUNDLE,0,0,0,,,,0,1,1,1,0.756767,0.725584,939,200,0.249719,STAND LOCKED,,,,,,,,,,
86,2.866667,35.200,20.539,0,0,0,0.000000,0.000000,0.000000,0.000000,0.000000,0,0.000,0.000,NO BLACK,NO BUNDLE,0,0,0,,,,0,1,1,1,0.943526,0.691613,867,211,0.336448,STAND LOCKED,,,,,,,,,,
87,2.900000,32.226,21.037,0,0,0,0.000000,0.000000,0.000000,0.000000,0.000000,0,0.000,0.000,NO BLACK,NO BUNDLE,0,0,0,,,,0,1,1,1,0.943526,0.691613,867,211,0.336448,STAND LOCKED,,,,,,,,,,
88,2.933333,32.369,20.663,0,0,0,0.000000,0.000000,0.000000,0.000000,0.000000,0,0.000,0.000,NO BLACK,NO BUNDLE,0,0,0,,,,0,1,1,1,0.933276,0.640489,838,209,0.363763,STAND LOCKED,,,,,,,,,,
89,2.966667,34.548,20.998,0,0,0,0.000000,0.000000,0.000000,0.000000,0.000000,0,0.000,0.000,NO BLACK,NO BUNDLE,0,0,0,,,,0,1,1,1,0.933276,0.640489,838,209,0.363763,STAND LOCKED,,,,,,,,,,
90,3.000000,31.144,20.531,4340,0,0,0.783428,0.000000,0.000000,0.000000,0.000000,0,0.000,0.000,NO LASHING,NO BUNDLE,0,0,0,,,,0,1,1,1,0.795884,0.679990,807,155,0.271656,STAND LOCKED,,,,,,,,,,
91,3.033333,31.693,21.234,945,0,0,0.645550,0.000000,0.000000,0.000000,0.000000,0,0.000,0.000,NO LASHING,NO BUNDLE,0,0,0,,,,0,1,1,1,0.795884,0.679990,807,155,0.271656,STAND LOCKED,,,,,,,,,,
92,3.066667,36.423,20.641,0,0,0,0.000000,0.000000,0.000000,0.000000,0.000000,0,0.000,0.000,NO BLACK,NO BUNDLE,0,0,0,,,,0,1,1,0,0.795884,0.679990,807,155,0.271656,STAND TEMPORARILY LOST (1),,,,,,,,,,
93,3.100000,34.129,21.263,0,0,0,0.000000,0.000000,0.000000,0.000000,0.000000,0,0.000,0.000,NO BLACK,NO BUNDLE,0,0,0,,,,0,1,1,0,0.795884,0.679990,807,155,0.271656,STAND TEMPORARILY LOST (1),,,,,,,,,,
94,3.133333,28.733,20.280,0,0,0,0.000000,0.000000,0.000000,0.000000,0.000000,0,0.000,0.000,NO BLACK,NO BUNDLE,0,0,0,,,,0,1,1,1,0.707524,0.638745,765,185,0.206273,STAND LOCKED,,,,,,,,,,
95,3.166667,31.748,21.043,0,0,0,0.000000,0.000000,0.000000,0.000000,0.000000,0,0.000,0.000,NO BLACK,NO BUNDLE,0,0,0,,,,0,1,1,1,0.707524,0.638745,765,185,0.206273,STAND LOCKED,,,,,,,,,,
96,3.200000,37.387,20.420,0,0,0,0.000000,0.000000,0.000000,0.000000,0.000000,0,0.000,0.000,NO BLACK,NO BUNDLE,0,0,0,,,,0,1,1,1,0.874744,0.708759,858,166,0.241527,STAND LOCKED,,,,,,,,,,
97,3.233333,31.302,21.205,0,0,0,0.000000,0.000000,0.000000,0.000000,0.000000,0,0.000,0.000,NO BLACK,NO BUNDLE,0,0,0,,,,0,1,1,1,0.874744,0.708759,858,166,0.241527,STAND LOCKED,,,,,,,,,,
98,3.266667,32.262,20.992,0,0,0,0.000000,0.000000,0.000000,0.000000,0.000000,0,0.000,0.000,NO BLACK,NO BUNDLE,0,0,0,,,,0,1,1,1,0.910442,0.693088,771,137,0.205955,STAND LOCKED,,,,,,,,,,
99,3.300000,30.673,21.661,0,0,0,0.000000,0.000000,0.000000,0.000000,0.000000,0,0.000,0.000,NO BLACK,NO BUNDLE,0,0,0,,,,0,1,1,1,0.910442,0.693088,771,137,0.205955,STAND LOCKED,,,,,,,,,,
100,3.333333,36.781,21.023,0,0,0,0.000000,0.000000,0.000000,0.000000,0.000000,0,0.000,0.000,NO BLACK,NO BUNDLE,0,0,0,,,,0,1,1,1,0.945000,0.727275,837,133,0.224578,STAND LOCKED,,,,,,,,,,
101,3.366667,32.073,21.654,0,0,0,0.000000,0.000000,0.000000,0.000000,0.000000,0,0.000,0.000,NO BLACK,NO BUNDLE,0,0,0,,,,0,1,1,1,0.945000,0.727275,837,133,0.224578,STAND LOCKED,,,,,,,,,,
102,3.400000,36.004,21.173,0,0,0,0.000000,0.000000,0.000000,0.000000,0.000000,0,0.000,0.000,NO BLACK,NO BUNDLE,0,0,0,,,,0,1,1,0,0.945000,0.727275,837,133,0.224578,STAND TEMPORARILY LOST (1),,,,,,,,,,
103,3.433333,35.219,21.623,0,0,0,0.000000,0.000000,0.000000,0.000000,0.000000,0,0.000,0.000,NO BLACK,NO BUNDLE,0,0,0,,,,0,1,1,0,0.945000,0.727275,837,133,0.224578,STAND TEMPORARILY LOST (1),,,,,,,,,,
104,3.466667,29.719,21.691,0,0,0,0.000000,0.000000,0.000000,0.000000,0.000000,0,0.000,0.000,NO BLACK,NO BUNDLE,0,0,0,,,,0,1,1,1,0.915530,0.693176,912,150,0.187634,STAND LOCKED,,,,,,,,,,
105,3.500000,33.155,22.121,0,0,0,0.000000,0.000000,0.000000,0.000000,0.000000,0,0.000,0.000,NO BLACK,NO BUNDLE,0,0,0,,,,0,1,1,1,0.915530,0.693176,912,150,0.187634,STAND LOCKED,,,,,,,,,,
106,3.533333,35.147,21.666,0,0,0,0.000000,0.000000,0.000000,0.000000,0.000000,0,0.000,0.000,NO BLACK,NO BUNDLE,0,0,0,,,,0,1,1,1,0.908654,0.710480,684,131,0.202584,STAND LOCKED,,,,,,,,,,
107,3.566667,32.434,22.017,0,0,0,0.000000,0.000000,0.000000,0.000000,0.000000,0,0.000,0.000,NO BLACK,NO BUNDLE,0,0,0,,,,0,1,1,1,0.908654,0.710480,684,131,0.202584,STAND LOCKED,,,,,,,,,,
108,3.600000,32.934,21.679,0,0,0,0.000000,0.000000,0.000000,0.000000,0.000000,0,0.000,0.000,NO BLACK,NO BUNDLE,0,0,0,,,,0,1,1,0,0.908654,0.710480,684,131,0.202584,STAND TEMPORARILY LOST (1),,,,,,,,,,
109,3.633333,33.127,22.292,0,0,0,0.000000,0.000000,0.000000,0.000000,0.000000,0,0.000,0.000,NO BLACK,NO BUNDLE,0,0,0,,,,0,1,1,0,0.908654,0.710480,684,131,0.202584,STAND TEMPORARILY LOST (1),,,,,,,,,,
110,3.666667,34.578,21.005,0,0,0,0.000000,0.000000,0.000000,0.000000,0.000000,0,0.000,0.000,NO BLACK,NO BUNDLE,0,0,0,,,,0,1,1,0,0.908654,0.710480,684,131,0.202584,STAND TEMPORARILY LOST (2),,,,,,,,,,
111,3.700000,32.011,21.373,0,0,0,0.000000,0.000000,0.000000,0.000000,0.000000,0,0.000,0.000,NO BLACK,NO BUNDLE,0,0,0,,,,0,1,1,0,0.908654,0.710480,684,131,0.202584,STAND TEMPORARILY LOST (2),,,,,,,,,,
112,3.733333,32.960,20.231,0,0,0,0.000000,0.000000,0.000000,0.000000,0.000000,0,0.000,0.000,NO BLACK,NO BUNDLE,0,0,0,,,,0,1,1,1,0.674942,0.750222,586,92,0.152274,STAND LOCKED,,,,,,,,,,
113,3.766667,32.987,20.958,0,0,0,0.000000,0.000000,0.000000,0.000000,0.000000,0,0.000,0.000,NO BLACK,NO BUNDLE,0,0,0,,,,0,1,1,1,0.674942,0.750222,586,92,0.152274,STAND LOCKED,,,,,,,,,,
114,3.800000,30.893,20.706,0,0,0,0.000000,0.000000,0.000000,0.000000,0.000000,0,0.000,0.000,NO BLACK,NO BUNDLE,0,0,0,,,,0,1,1,0,0.674942,0.750222,586,92,0.152274,STAND TEMPORARILY LOST (1),,,,,,,,,,
115,3.833333,32.901,21.054,0,0,0,0.000000,0.000000,0.000000,0.000000,0.000000,0,0.000,0.000,NO BLACK,NO BUNDLE,0,0,0,,,,0,1,1,0,0.674942,0.750222,586,92,0.152274,STAND TEMPORARILY LOST (1),,,,,,,,,,
116,3.866667,31.953,19.981,0,0,0,0.000000,0.000000,0.000000,0.000000,0.000000,0,0.000,0.000,NO BLACK,NO BUNDLE,0,0,0,,,,0,1,1,0,0.674942,0.750222,586,92,0.152274,STAND TEMPORARILY LOST (2),,,,,,,,,,
117,3.900000,30.911,21.036,0,0,0,0.000000,0.000000,0.000000,0.000000,0.000000,0,0.000,0.000,NO BLACK,NO BUNDLE,0,0,0,,,,0,1,1,0,0.674942,0.750222,586,92,0.152274,STAND TEMPORARILY LOST (2),,,,,,,,,,
118,3.933333,33.656,19.863,0,0,0,0.000000,0.000000,0.000000,0.000000,0.000000,0,0.000,0.000,NO BLACK,NO BUNDLE,0,0,0,,,,0,1,1,0,0.674942,0.750222,586,92,0.152274,STAND TEMPORARILY LOST (3),,,,,,,,,,
119,3.966667,34.905,20.354,0,0,0,0.000000,0.000000,0.000000,0.000000,0.000000,0,0.000,0.000,NO BLACK,NO BUNDLE,0,0,0,,,,0,1,1,0,0.674942,0.750222,586,92,0.152274,STAND TEMPORARILY LOST (3),,,,,,,,,,
120,4.000000,31.823,19.318,0,0,0,0.000000,0.000000,0.000000,0.000000,0.000000,0,0.000,0.000,NO BLACK,NO BUNDLE,0,0,0,,,,0,1,1,1,0.652157,0.627165,719,91,0.145931,STAND LOCKED,,,,,,,,,,
121,4.033333,34.682,19.921,0,0,0,0.000000,0.000000,0.000000,0.000000,0.000000,0,0.000,0.000,NO BLACK,NO BUNDLE,0,0,0,,,,0,1,1,1,0.652157,0.627165,719,91,0.145931,STAND LOCKED,,,,,,,,,,
122,4.066667,36.548,19.863,0,0,0,0.000000,0.000000,0.000000,0.000000,0.000000,0,0.000,0.000,NO BLACK,NO BUNDLE,0,0,0,,,,0,1,1,0,0.652157,0.627165,719,91,0.145931,STAND TEMPORARILY LOST (1),,,,,,,,,,
123,4.100000,33.833,20.657,0,0,0,0.000000,0.000000,0.000000,0.000000,0.000000,0,0.000,0.000,NO BLACK,NO BUNDLE,0,0,0,,,,0,1,1,0,0.652157,0.627165,719,91,0.145931,STAND TEMPORARILY LOST (1),,,,,,,,,,
124,4.133333,30.796,19.655,0,0,0,0.000000,0.000000,0.000000,0.000000,0.000000,0,0.000,0.000,NO BLACK,NO BUNDLE,0,0,0,,,,0,1,1,0,0.652157,0.627165,719,91,0.145931,STAND TEMPORARILY LOST (2),,,,,,,,,,
125,4.166667,33.729,20.300,0,0,0,0.000000,0.000000,0.000000,0.000000,0.000000,0,0.000,0.000,NO BLACK,NO BUNDLE,0,0,0,,,,0,1,1,0,0.652157,0.627165,719,91,0.145931,STAND TEMPORARILY LOST (2),,,,,,,,,,
126,4.200000,34.248,19.264,0,0,0,0.000000,0.000000,0.000000,0.000000,0.000000,0,0.000,0.000,NO BLACK,NO BUNDLE,0,0,0,,,,0,1,1,0,0.652157,0.627165,719,91,0.145931,STAND TEMPORARILY LOST (3),,,,,,,,,,
127,4.233333,30.705,20.320,0,0,0,0.000000,0.000000,0.000000,0.000000,0.000000,0,0.000,0.000,NO BLACK,NO BUNDLE,0,0,0,,,,0,1,1,0,0.652157,0.627165,719,91,0.145931,STAND TEMPORARILY LOST (3),,,,,,,,,,
128,4.266667,34.373,19.167,0,0,0,0.000000,0.000000,0.000000,0.000000,0.000000,0,0.000,0.000,NO BLACK,NO BUNDLE,0,0,0,,,,0,0,0,0,0.000000,0.000000,,,,NEED TWO DARK RAILS AND AN UPRIGHT,,,,,,,,,,
129,4.300000,32.032,18.566,0,0,0,0.000000,0.000000,0.000000,0.000000,0.000000,0,0.000,0.000,NO BLACK,NO BUNDLE,0,0,0,,,,0,0,0,0,0.000000,0.000000,,,,NEED TWO DARK RAILS AND AN UPRIGHT,,,,,,,,,,
130,4.333333,33.696,17.942,0,0,0,0.000000,0.000000,0.000000,0.000000,0.000000,0,0.000,0.000,NO BLACK,NO BUNDLE,0,0,0,,,,0,0,0,0,0.000000,0.000000,,,,NEED TWO DARK RAILS AND AN UPRIGHT,,,,,,,,,,
131,4.366667,32.685,17.413,0,0,0,0.000000,0.000000,0.000000,0.000000,0.000000,0,0.000,0.000,NO BLACK,NO BUNDLE,0,0,0,,,,0,0,0,0,0.000000,0.000000,,,,NEED TWO DARK RAILS AND AN UPRIGHT,,,,,,,,,,
132,4.400000,34.272,16.951,0,0,0,0.000000,0.000000,0.000000,0.000000,0.000000,0,0.000,0.000,NO BLACK,NO BUNDLE,0,0,0,,,,0,0,0,0,0.000000,0.000000,,,,NEED TWO DARK RAILS AND AN UPRIGHT,,,,,,,,,,
133,4.433333,33.020,16.598,0,0,0,0.000000,0.000000,0.000000,0.000000,0.000000,0,0.000,0.000,NO BLACK,NO BUNDLE,0,0,0,,,,0,0,0,0,0.000000,0.000000,,,,NEED TWO DARK RAILS AND AN UPRIGHT,,,,,,,,,,
134,4.466667,30.048,16.477,0,0,0,0.000000,0.000000,0.000000,0.000000,0.000000,0,0.000,0.000,NO BLACK,NO BUNDLE,0,0,0,,,,0,0,0,0,0.000000,0.000000,,,,WEAK STAND GEOMETRY,,,,,,,,,,
135,4.500000,35.305,16.089,0,0,0,0.000000,0.000000,0.000000,0.000000,0.000000,0,0.000,0.000,NO BLACK,NO BUNDLE,0,0,0,,,,0,0,0,0,0.000000,0.000000,,,,NEED TWO DARK RAILS AND AN UPRIGHT,,,,,,,,,,
136,4.533333,34.705,15.838,0,0,0,0.000000,0.000000,0.000000,0.000000,0.000000,0,0.000,0.000,NO BLACK,NO BUNDLE,0,0,0,,,,0,0,0,0,0.000000,0.000000,,,,NEED TWO DARK RAILS AND AN UPRIGHT,,,,,,,,,,
137,4.566667,30.360,15.749,0,0,0,0.000000,0.000000,0.000000,0.000000,0.000000,0,0.000,0.000,NO BLACK,NO BUNDLE,0,0,0,,,,0,1,0,1,0.676423,0.600401,936,109,0.138889,ACQUIRING STAND 1/4,,,,,,,,,,
138,4.600000,33.892,15.572,0,0,0,0.000000,0.000000,0.000000,0.000000,0.000000,0,0.000,0.000,NO BLACK,NO BUNDLE,0,0,0,,,,0,1,0,1,0.701507,0.620235,924,92,0.129722,ACQUIRING STAND 2/4,,,,,,,,,,
139,4.633333,33.825,16.786,0,0,0,0.000000,0.000000,0.000000,0.000000,0.000000,0,0.000,0.000,NO BLACK,NO BUNDLE,0,0,0,,,,0,1,0,1,0.701507,0.620235,924,92,0.129722,ACQUIRING STAND 2/4,,,,,,,,,,
140,4.666667,33.379,16.442,0,0,0,0.000000,0.000000,0.000000,0.000000,0.000000,0,0.000,0.000,NO BLACK,NO BUNDLE,0,0,0,,,,0,1,0,0,0.701507,0.620235,924,92,0.129722,STAND TEMPORARILY LOST (1),,,,,,,,,,
141,4.700000,33.286,17.687,0,0,0,0.000000,0.000000,0.000000,0.000000,0.000000,0,0.000,0.000,NO BLACK,NO BUNDLE,0,0,0,,,,0,1,0,0,0.701507,0.620235,924,92,0.129722,STAND TEMPORARILY LOST (1),,,,,,,,,,
142,4.733333,35.233,17.132,0,0,0,0.000000,0.000000,0.000000,0.000000,0.000000,0,0.000,0.000,NO BLACK,NO BUNDLE,0,0,0,,,,0,1,0,0,0.701507,0.620235,924,92,0.129722,STAND TEMPORARILY LOST (2),,,,,,,,,,
143,4.766667,33.817,18.165,0,0,0,0.000000,0.000000,0.000000,0.000000,0.000000,0,0.000,0.000,NO BLACK,NO BUNDLE,0,0,0,,,,0,1,0,0,0.701507,0.620235,924,92,0.129722,STAND TEMPORARILY LOST (2),,,,,,,,,,
144,4.800000,32.097,17.693,0,0,0,0.000000,0.000000,0.000000,0.000000,0.000000,0,0.000,0.000,NO BLACK,NO BUNDLE,0,0,0,,,,0,1,0,0,0.701507,0.620235,924,92,0.129722,STAND TEMPORARILY LOST (3),,,,,,,,,,
145,4.833333,33.726,18.601,0,0,0,0.000000,0.000000,0.000000,0.000000,0.000000,0,0.000,0.000,NO BLACK,NO BUNDLE,0,0,0,,,,0,1,0,0,0.701507,0.620235,924,92,0.129722,STAND TEMPORARILY LOST (3),,,,,,,,,,
146,4.866667,34.513,18.034,0,0,0,0.000000,0.000000,0.000000,0.000000,0.000000,0,0.000,0.000,NO BLACK,NO BUNDLE,0,0,0,,,,0,1,0,1,0.673230,0.619909,717,95,0.133745,ACQUIRING STAND 1/4,,,,,,,,,,
147,4.900000,31.573,19.203,0,0,0,0.000000,0.000000,0.000000,0.000000,0.000000,0,0.000,0.000,NO BLACK,NO BUNDLE,0,0,0,,,,0,1,0,1,0.673230,0.619909,717,95,0.133745,ACQUIRING STAND 1/4,,,,,,,,,,
148,4.933333,33.818,18.609,0,0,0,0.000000,0.000000,0.000000,0.000000,0.000000,0,0.000,0.000,NO BLACK,NO BUNDLE,0,0,0,,,,0,1,0,0,0.673230,0.619909,717,95,0.133745,STAND TEMPORARILY LOST (1),,,,,,,,,,
149,4.966667,33.995,19.522,0,0,0,0.000000,0.000000,0.000000,0.000000,0.000000,0,0.000,0.000,NO BLACK,NO BUNDLE,0,0,0,,,,0,1,0,0,0.673230,0.619909,717,95,0.133745,STAND TEMPORARILY LOST (1),,,,,,,,,,
150,5.000000,32.312,18.818,0,0,0,0.000000,0.000000,0.000000,0.000000,0.000000,0,0.000,0.000,NO BLACK,NO BUNDLE,0,0,0,,,,0,1,0,0,0.673230,0.619909,717,95,0.133745,STAND TEMPORARILY LOST (2),,,,,,,,,,
151,5.033333,33.008,19.693,0,0,0,0.000000,0.000000,0.000000,0.000000,0.000000,0,0.000,0.000,NO BLACK,NO BUNDLE,0,0,0,,,,0,1,0,0,0.673230,0.619909,717,95,0.133745,STAND TEMPORARILY LOST (2),,,,,,,,,,
152,5.066667,35.757,18.762,0,0,0,0.000000,0.000000,0.000000,0.000000,0.000000,0,0.000,0.000,NO BLACK,NO BUNDLE,0,0,0,,,,0,1,0,0,0.673230,0.619909,717,95,0.133745,STAND TEMPORARILY LOST (3),,,,,,,,,,
153,5.100000,34.602,19.530,0,0,0,0.000000,0.000000,0.000000,0.000000,0.000000,0,0.000,0.000,NO BLACK,NO BUNDLE,0,0,0,,,,0,1,0,0,0.673230,0.619909,717,95,0.133745,STAND TEMPORARILY LOST (3),,,,,,,,,,
154,5.133333,31.651,18.730,0,0,0,0.000000,0.000000,0.000000,0.000000,0.000000,0,0.000,0.000,NO BLACK,NO BUNDLE,0,0,0,,,,0,0,0,0,0.000000,0.000000,,,,NEED TWO DARK RAILS AND AN UPRIGHT,,,,,,,,,,
155,5.166667,31.175,18.173,0,0,0,0.000000,0.000000,0.000000,0.000000,0.000000,0,0.000,0.000,NO BLACK,NO BUNDLE,0,0,0,,,,0,0,0,0,0.000000,0.000000,,,,NEED TWO DARK RAILS AND AN UPRIGHT,,,,,,,,,,
156,5.200000,33.197,17.689,0,0,0,0.000000,0.000000,0.000000,0.000000,0.000000,0,0.000,0.000,NO BLACK,NO BUNDLE,0,0,0,,,,0,0,0,0,0.000000,0.000000,,,,NEED TWO DARK RAILS AND AN UPRIGHT,,,,,,,,,,
157,5.233333,33.330,17.223,0,0,0,0.000000,0.000000,0.000000,0.000000,0.000000,0,0.000,0.000,NO BLACK,NO BUNDLE,0,0,0,,,,0,0,0,0,0.000000,0.000000,,,,NEED TWO DARK RAILS AND AN UPRIGHT,,,,,,,,,,
158,5.266667,32.018,16.936,0,0,0,0.000000,0.000000,0.000000,0.000000,0.000000,0,0.000,0.000,NO BLACK,NO BUNDLE,0,0,0,,,,0,0,0,0,0.000000,0.000000,,,,NEED TWO DARK RAILS AND AN UPRIGHT,,,,,,,,,,
159,5.300000,32.434,16.574,0,0,0,0.000000,0.000000,0.000000,0.000000,0.000000,0,0.000,0.000,NO BLACK,NO BUNDLE,0,0,0,,,,0,1,0,1,0.643717,0.549935,952,80,0.112037,ACQUIRING STAND 1/4,,,,,,,,,,
160,5.333333,35.462,16.201,0,0,0,0.000000,0.000000,0.000000,0.000000,0.000000,0,0.000,0.000,NO BLACK,NO BUNDLE,0,0,0,,,,0,1,0,1,0.687399,0.583701,954,79,0.113565,ACQUIRING STAND 2/4,,,,,,,,,,
161,5.366667,31.297,17.606,0,0,0,0.000000,0.000000,0.000000,0.000000,0.000000,0,0.000,0.000,NO BLACK,NO BUNDLE,0,0,0,,,,0,1,0,1,0.687399,0.583701,954,79,0.113565,ACQUIRING STAND 2/4,,,,,,,,,,
162,5.400000,34.993,16.980,0,0,0,0.000000,0.000000,0.000000,0.000000,0.000000,0,0.000,0.000,NO BLACK,NO BUNDLE,0,0,0,,,,0,1,0,1,0.702415,0.663274,851,78,0.110178,ACQUIRING STAND 3/4,,,,,,,,,,
163,5.433333,34.981,17.980,0,0,0,0.000000,0.000000,0.000000,0.000000,0.000000,0,0.000,0.000,NO BLACK,NO BUNDLE,0,0,0,,,,0,1,0,1,0.702415,0.663274,851,78,0.110178,ACQUIRING STAND 3/4,,,,,,,,,,
164,5.466667,31.615,17.622,0,0,0,0.000000,0.000000,0.000000,0.000000,0.000000,0,0.000,0.000,NO BLACK,NO BUNDLE,0,0,0,,,,0,1,0,0,0.702415,0.663274,851,78,0.110178,STAND TEMPORARILY LOST (1),,,,,,,,,,
165,5.500000,32.580,18.667,0,0,0,0.000000,0.000000,0.000000,0.000000,0.000000,0,0.000,0.000,NO BLACK,NO BUNDLE,0,0,0,,,,0,1,0,0,0.702415,0.663274,851,78,0.110178,STAND TEMPORARILY LOST (1),,,,,,,,,,
166,5.533333,32.712,18.074,0,0,0,0.000000,0.000000,0.000000,0.000000,0.000000,0,0.000,0.000,NO BLACK,NO BUNDLE,0,0,0,,,,0,1,0,0,0.702415,0.663274,851,78,0.110178,STAND TEMPORARILY LOST (2),,,,,,,,,,
167,5.566667,30.960,19.386,0,0,0,0.000000,0.000000,0.000000,0.000000,0.000000,0,0.000,0.000,NO BLACK,NO BUNDLE,0,0,0,,,,0,1,0,0,0.702415,0.663274,851,78,0.110178,STAND TEMPORARILY LOST (2),,,,,,,,,,
168,5.600000,31.893,18.787,0,0,0,0.000000,0.000000,0.000000,0.000000,0.000000,0,0.000,0.000,NO BLACK,NO BUNDLE,0,0,0,,,,0,1,0,0,0.702415,0.663274,851,78,0.110178,STAND TEMPORARILY LOST (3),,,,,,,,,,
169,5.633333,31.889,19.887,0,0,0,0.000000,0.000000,0.000000,0.000000,0.000000,0,0.000,0.000,NO BLACK,NO BUNDLE,0,0,0,,,,0,1,0,0,0.702415,0.663274,851,78,0.110178,STAND TEMPORARILY LOST (3),,,,,,,,,,
170,5.666667,32.707,19.109,0,0,0,0.000000,0.000000,0.000000,0.000000,0.000000,0,0.000,0.000,NO BLACK,NO BUNDLE,0,0,0,,,,0,0,0,0,0.000000,0.000000,,,,WEAK STAND GEOMETRY,,,,,,,,,,
171,5.700000,32.477,18.462,0,0,0,0.000000,0.000000,0.000000,0.000000,0.000000,0,0.000,0.000,NO BLACK,NO BUNDLE,0,0,0,,,,0,0,0,0,0.000000,0.000000,,,,NEED TWO DARK RAILS AND AN UPRIGHT,,,,,,,,,,
172,5.733333,36.941,17.801,0,0,0,0.000000,0.000000,0.000000,0.000000,0.000000,0,0.000,0.000,NO BLACK,NO BUNDLE,0,0,0,,,,0,0,0,0,0.000000,0.000000,,,,NEED TWO DARK RAILS AND AN UPRIGHT,,,,,,,,,,
173,5.766667,35.610,17.240,0,0,0,0.000000,0.000000,0.000000,0.000000,0.000000,0,0.000,0.000,NO BLACK,NO BUNDLE,0,0,0,,,,0,0,0,0,0.000000,0.000000,,,,NEED TWO DARK RAILS AND AN UPRIGHT,,,,,,,,,,
174,5.800000,29.969,17.055,0,0,0,0.000000,0.000000,0.000000,0.000000,0.000000,0,0.000,0.000,NO BLACK,NO BUNDLE,0,0,0,,,,0,1,0,1,0.701222,0.673037,892,88,0.097222,ACQUIRING STAND 1/4,,,,,,,,,,
175,5.833333,33.785,18.129,0,0,0,0.000000,0.000000,0.000000,0.000000,0.000000,0,0.000,0.000,NO BLACK,NO BUNDLE,0,0,0,,,,0,1,0,1,0.701222,0.673037,892,88,0.097222,ACQUIRING STAND 1/4,,,,,,,,,,
176,5.866667,34.242,17.641,0,0,0,0.000000,0.000000,0.000000,0.000000,0.000000,0,0.000,0.000,NO BLACK,NO BUNDLE,0,0,0,,,,0,1,0,0,0.701222,0.673037,892,88,0.097222,STAND TEMPORARILY LOST (1),,,,,,,,,,
177,5.900000,31.214,19.014,0,0,0,0.000000,0.000000,0.000000,0.000000,0.000000,0,0.000,0.000,NO BLACK,NO BUNDLE,0,0,0,,,,0,1,0,0,0.701222,0.673037,892,88,0.097222,STAND TEMPORARILY LOST (1),,,,,,,,,,
178,5.933333,32.721,18.412,0,0,0,0.000000,0.000000,0.000000,0.000000,0.000000,0,0.000,0.000,NO BLACK,NO BUNDLE,0,0,0,,,,0,1,0,1,0.744011,0.646408,878,91,0.110972,ACQUIRING STAND 1/4,,,,,,,,,,
179,5.966667,32.712,19.499,0,0,0,0.000000,0.000000,0.000000,0.000000,0.000000,0,0.000,0.000,NO BLACK,NO BUNDLE,0,0,0,,,,0,1,0,1,0.744011,0.646408,878,91,0.110972,ACQUIRING STAND 1/4,,,,,,,,,,
180,6.000000,32.522,18.830,0,0,0,0.000000,0.000000,0.000000,0.000000,0.000000,0,0.000,0.000,NO BLACK,NO BUNDLE,0,0,0,,,,0,1,0,0,0.744011,0.646408,878,91,0.110972,STAND TEMPORARILY LOST (1),,,,,,,,,,
181,6.033333,31.508,19.801,0,0,0,0.000000,0.000000,0.000000,0.000000,0.000000,0,0.000,0.000,NO BLACK,NO BUNDLE,0,0,0,,,,0,1,0,0,0.744011,0.646408,878,91,0.110972,STAND TEMPORARILY LOST (1),,,,,,,,,,
182,6.066667,34.794,18.861,0,0,0,0.000000,0.000000,0.000000,0.000000,0.000000,0,0.000,0.000,NO BLACK,NO BUNDLE,0,0,0,,,,0,1,0,0,0.744011,0.646408,878,91,0.110972,STAND TEMPORARILY LOST (2),,,,,,,,,,
183,6.100000,37.067,19.428,0,0,0,0.000000,0.000000,0.000000,0.000000,0.000000,0,0.000,0.000,NO BLACK,NO BUNDLE,0,0,0,,,,0,1,0,0,0.744011,0.646408,878,91,0.110972,STAND TEMPORARILY LOST (2),,,,,,,,,,
184,6.133333,32.012,18.858,0,0,0,0.000000,0.000000,0.000000,0.000000,0.000000,0,0.000,0.000,NO BLACK,NO BUNDLE,0,0,0,,,,0,1,0,0,0.744011,0.646408,878,91,0.110972,STAND TEMPORARILY LOST (3),,,,,,,,,,
185,6.166667,30.864,19.893,0,0,0,0.000000,0.000000,0.000000,0.000000,0.000000,0,0.000,0.000,NO BLACK,NO BUNDLE,0,0,0,,,,0,1,0,0,0.744011,0.646408,878,91,0.110972,STAND TEMPORARILY LOST (3),,,,,,,,,,
186,6.200000,32.893,19.073,0,0,0,0.000000,0.000000,0.000000,0.000000,0.000000,0,0.000,0.000,NO BLACK,NO BUNDLE,0,0,0,,,,0,0,0,0,0.000000,0.000000,,,,NEED TWO DARK RAILS AND AN UPRIGHT,,,,,,,,,,
187,6.233333,32.344,18.398,0,0,0,0.000000,0.000000,0.000000,0.000000,0.000000,0,0.000,0.000,NO BLACK,NO BUNDLE,0,0,0,,,,0,0,0,0,0.000000,0.000000,,,,NEED TWO DARK RAILS AND AN UPRIGHT,,,,,,,,,,
188,6.266667,33.814,17.883,0,0,0,0.000000,0.000000,0.000000,0.000000,0.000000,0,0.000,0.000,NO BLACK,NO BUNDLE,0,0,0,,,,0,0,0,0,0.000000,0.000000,,,,NEED TWO DARK RAILS AND AN UPRIGHT,,,,,,,,,,
189,6.300000,30.988,17.378,0,0,0,0.000000,0.000000,0.000000,0.000000,0.000000,0,0.000,0.000,NO BLACK,NO BUNDLE,0,0,0,,,,0,0,0,0,0.000000,0.000000,,,,WEAK STAND GEOMETRY,,,,,,,,,,
190,6.333333,32.482,16.963,0,0,0,0.000000,0.000000,0.000000,0.000000,0.000000,0,0.000,0.000,NO BLACK,NO BUNDLE,0,0,0,,,,0,0,0,0,0.000000,0.000000,,,,NEED TWO DARK RAILS AND AN UPRIGHT,,,,,,,,,,
191,6.366667,35.462,16.516,0,0,0,0.000000,0.000000,0.000000,0.000000,0.000000,0,0.000,0.000,NO BLACK,NO BUNDLE,0,0,0,,,,0,1,0,1,0.702338,0.709000,656,78,0.106481,ACQUIRING STAND 1/4,,,,,,,,,,
192,6.400000,33.959,16.232,0,0,0,0.000000,0.000000,0.000000,0.000000,0.000000,0,0.000,0.000,NO BLACK,NO BUNDLE,0,0,0,,,,0,1,0,0,0.702338,0.709000,656,78,0.106481,STAND TEMPORARILY LOST (1),,,,,,,,,,
193,6.433333,32.389,17.647,0,0,0,0.000000,0.000000,0.000000,0.000000,0.000000,0,0.000,0.000,NO BLACK,NO BUNDLE,0,0,0,,,,0,1,0,0,0.702338,0.709000,656,78,0.106481,STAND TEMPORARILY LOST (1),,,,,,,,,,
194,6.466667,29.427,17.379,0,0,0,0.000000,0.000000,0.000000,0.000000,0.000000,0,0.000,0.000,NO BLACK,NO BUNDLE,0,0,0,,,,0,1,0,0,0.702338,0.709000,656,78,0.106481,STAND TEMPORARILY LOST (2),,,,,,,,,,
195,6.500000,32.302,18.378,0,0,0,0.000000,0.000000,0.000000,0.000000,0.000000,0,0.000,0.000,NO BLACK,NO BUNDLE,0,0,0,,,,0,1,0,0,0.702338,0.709000,656,78,0.106481,STAND TEMPORARILY LOST (2),,,,,,,,,,
196,6.533333,35.375,17.589,0,0,0,0.000000,0.000000,0.000000,0.000000,0.000000,0,0.000,0.000,NO BLACK,NO BUNDLE,0,0,0,,,,0,1,0,0,0.702338,0.709000,656,78,0.106481,STAND TEMPORARILY LOST (3),,,,,,,,,,
197,6.566667,34.656,18.520,0,0,0,0.000000,0.000000,0.000000,0.000000,0.000000,0,0.000,0.000,NO BLACK,NO BUNDLE,0,0,0,,,,0,1,0,0,0.702338,0.709000,656,78,0.106481,STAND TEMPORARILY LOST (3),,,,,,,,,,
198,6.600000,32.971,17.950,0,0,0,0.000000,0.000000,0.000000,0.000000,0.000000,0,0.000,0.000,NO BLACK,NO BUNDLE,0,0,0,,,,0,0,0,0,0.000000,0.000000,,,,NEED TWO DARK RAILS AND AN UPRIGHT,,,,,,,,,,
199,6.633333,33.518,17.459,0,0,0,0.000000,0.000000,0.000000,0.000000,0.000000,0,0.000,0.000,NO BLACK,NO BUNDLE,0,0,0,,,,0,0,0,0,0.000000,0.000000,,,,NEED TWO DARK RAILS AND AN UPRIGHT,,,,,,,,,,
200,6.666667,36.337,16.878,0,0,0,0.000000,0.000000,0.000000,0.000000,0.000000,0,0.000,0.000,NO BLACK,NO BUNDLE,0,0,0,,,,0,0,0,0,0.000000,0.000000,,,,WEAK STAND GEOMETRY,,,,,,,,,,
201,6.700000,31.830,16.512,0,0,0,0.000000,0.000000,0.000000,0.000000,0.000000,0,0.000,0.000,NO BLACK,NO BUNDLE,0,0,0,,,,0,0,0,0,0.000000,0.000000,,,,NEED TWO DARK RAILS AND AN UPRIGHT,,,,,,,,,,
202,6.733333,34.898,16.164,0,0,0,0.000000,0.000000,0.000000,0.000000,0.000000,0,0.000,0.000,NO BLACK,NO BUNDLE,0,0,0,,,,0,0,0,0,0.000000,0.000000,,,,NEED TWO DARK RAILS AND AN UPRIGHT,,,,,,,,,,
203,6.766667,33.475,15.941,0,0,0,0.000000,0.000000,0.000000,0.000000,0.000000,0,0.000,0.000,NO BLACK,NO BUNDLE,0,0,0,,,,0,0,0,0,0.000000,0.000000,,,,NEED TWO DARK RAILS AND AN UPRIGHT,,,,,,,,,,
204,6.800000,31.546,15.750,0,0,0,0.000000,0.000000,0.000000,0.000000,0.000000,0,0.000,0.000,NO BLACK,NO BUNDLE,0,0,0,,,,0,0,0,0,0.000000,0.000000,,,,NEED TWO DARK RAILS AND AN UPRIGHT,,,,,,,,,,
205,6.833333,32.330,15.636,0,0,0,0.000000,0.000000,0.000000,0.000000,0.000000,0,0.000,0.000,NO BLACK,NO BUNDLE,0,0,0,,,,0,1,0,1,0.674821,0.652395,632,72,0.110185,ACQUIRING STAND 1/4,,,,,,,,,,
206,6.866667,33.555,15.471,0,0,0,0.000000,0.000000,0.000000,0.000000,0.000000,0,0.000,0.000,NO BLACK,NO BUNDLE,0,0,0,,,,0,1,0,0,0.674821,0.652395,632,72,0.110185,STAND TEMPORARILY LOST (1),,,,,,,,,,
207,6.900000,32.242,16.949,0,0,0,0.000000,0.000000,0.000000,0.000000,0.000000,0,0.000,0.000,NO BLACK,NO BUNDLE,0,0,0,,,,0,1,0,0,0.674821,0.652395,632,72,0.110185,STAND TEMPORARILY LOST (1),,,,,,,,,,
208,6.933333,32.680,16.660,0,0,0,0.000000,0.000000,0.000000,0.000000,0.000000,0,0.000,0.000,NO BLACK,NO BUNDLE,0,0,0,,,,0,1,0,0,0.674821,0.652395,632,72,0.110185,STAND TEMPORARILY LOST (2),,,,,,,,,,
209,6.966667,33.317,17.790,0,0,0,0.000000,0.000000,0.000000,0.000000,0.000000,0,0.000,0.000,NO BLACK,NO BUNDLE,0,0,0,,,,0,1,0,0,0.674821,0.652395,632,72,0.110185,STAND TEMPORARILY LOST (2),,,,,,,,,,
210,7.000000,37.391,17.176,0,0,0,0.000000,0.000000,0.000000,0.000000,0.000000,0,0.000,0.000,NO BLACK,NO BUNDLE,0,0,0,,,,0,1,0,0,0.674821,0.652395,632,72,0.110185,STAND TEMPORARILY LOST (3),,,,,,,,,,
211,7.033333,32.681,18.421,0,0,0,0.000000,0.000000,0.000000,0.000000,0.000000,0,0.000,0.000,NO BLACK,NO BUNDLE,0,0,0,,,,0,1,0,0,0.674821,0.652395,632,72,0.110185,STAND TEMPORARILY LOST (3),,,,,,,,,,
212,7.066667,36.048,17.660,0,0,0,0.000000,0.000000,0.000000,0.000000,0.000000,0,0.000,0.000,NO BLACK,NO BUNDLE,0,0,0,,,,0,0,0,0,0.000000,0.000000,,,,WEAK STAND GEOMETRY,,,,,,,,,,
213,7.100000,33.937,17.259,0,0,0,0.000000,0.000000,0.000000,0.000000,0.000000,0,0.000,0.000,NO BLACK,NO BUNDLE,0,0,0,,,,0,0,0,0,0.000000,0.000000,,,,NEED TWO DARK RAILS AND AN UPRIGHT,,,,,,,,,,
214,7.133333,30.169,17.039,0,0,0,0.000000,0.000000,0.000000,0.000000,0.000000,0,0.000,0.000,NO BLACK,NO BUNDLE,0,0,0,,,,0,0,0,0,0.000000,0.000000,,,,NEED TWO DARK RAILS AND AN UPRIGHT,,,,,,,,,,
215,7.166667,29.953,16.839,0,0,0,0.000000,0.000000,0.000000,0.000000,0.000000,0,0.000,0.000,NO BLACK,NO BUNDLE,0,0,0,,,,0,0,0,0,0.000000,0.000000,,,,WEAK STAND GEOMETRY,,,,,,,,,,
216,7.200000,34.011,16.503,0,0,0,0.000000,0.000000,0.000000,0.000000,0.000000,0,0.000,0.000,NO BLACK,NO BUNDLE,0,0,0,,,,0,0,0,0,0.000000,0.000000,,,,NEED TWO DARK RAILS AND AN UPRIGHT,,,,,,,,,,
217,7.233333,33.026,16.142,0,0,0,0.000000,0.000000,0.000000,0.000000,0.000000,0,0.000,0.000,NO BLACK,NO BUNDLE,0,0,0,,,,0,1,0,1,0.706410,0.656137,714,76,0.111111,ACQUIRING STAND 1/4,,,,,,,,,,
218,7.266667,33.384,15.956,0,0,0,0.000000,0.000000,0.000000,0.000000,0.000000,0,0.000,0.000,NO BLACK,NO BUNDLE,0,0,0,,,,0,1,0,0,0.706410,0.656137,714,76,0.111111,STAND TEMPORARILY LOST (1),,,,,,,,,,
219,7.300000,33.393,17.266,0,0,0,0.000000,0.000000,0.000000,0.000000,0.000000,0,0.000,0.000,NO BLACK,NO BUNDLE,0,0,0,,,,0,1,0,0,0.706410,0.656137,714,76,0.111111,STAND TEMPORARILY LOST (1),,,,,,,,,,
220,7.333333,31.904,16.863,0,0,0,0.000000,0.000000,0.000000,0.000000,0.000000,0,0.000,0.000,NO BLACK,NO BUNDLE,0,0,0,,,,0,1,0,0,0.706410,0.656137,714,76,0.111111,STAND TEMPORARILY LOST (2),,,,,,,,,,
221,7.366667,32.230,18.024,0,0,0,0.000000,0.000000,0.000000,0.000000,0.000000,0,0.000,0.000,NO BLACK,NO BUNDLE,0,0,0,,,,0,1,0,0,0.706410,0.656137,714,76,0.111111,STAND TEMPORARILY LOST (2),,,,,,,,,,
222,7.400000,36.035,17.352,0,0,0,0.000000,0.000000,0.000000,0.000000,0.000000,0,0.000,0.000,NO BLACK,NO BUNDLE,0,0,0,,,,0,1,0,0,0.706410,0.656137,714,76,0.111111,STAND TEMPORARILY LOST (3),,,,,,,,,,
223,7.433333,34.515,18.329,0,0,0,0.000000,0.000000,0.000000,0.000000,0.000000,0,0.000,0.000,NO BLACK,NO BUNDLE,0,0,0,,,,0,1,0,0,0.706410,0.656137,714,76,0.111111,STAND TEMPORARILY LOST (3),,,,,,,,,,
224,7.466667,29.287,17.927,0,0,0,0.000000,0.000000,0.000000,0.000000,0.000000,0,0.000,0.000,NO BLACK,NO BUNDLE,0,0,0,,,,0,0,0,0,0.000000,0.000000,,,,NEED TWO DARK RAILS AND AN UPRIGHT,,,,,,,,,,
225,7.500000,30.318,17.530,0,0,0,0.000000,0.000000,0.000000,0.000000,0.000000,0,0.000,0.000,NO BLACK,NO BUNDLE,0,0,0,,,,0,0,0,0,0.000000,0.000000,,,,WEAK STAND GEOMETRY,,,,,,,,,,
226,7.533333,36.218,16.875,0,0,0,0.000000,0.000000,0.000000,0.000000,0.000000,0,0.000,0.000,NO BLACK,NO BUNDLE,0,0,0,,,,0,0,0,0,0.000000,0.000000,,,,NEED TWO DARK RAILS AND AN UPRIGHT,,,,,,,,,,
227,7.566667,31.668,16.498,0,0,0,0.000000,0.000000,0.000000,0.000000,0.000000,0,0.000,0.000,NO BLACK,NO BUNDLE,0,0,0,,,,0,0,0,0,0.000000,0.000000,,,,NEED TWO DARK RAILS AND AN UPRIGHT,,,,,,,,,,
228,7.600000,34.836,16.215,0,0,0,0.000000,0.000000,0.000000,0.000000,0.000000,0,0.000,0.000,NO BLACK,NO BUNDLE,0,0,0,,,,0,1,0,1,0.677664,0.607385,876,84,0.103704,ACQUIRING STAND 1/4,,,,,,,,,,
229,7.633333,31.881,17.723,0,0,0,0.000000,0.000000,0.000000,0.000000,0.000000,0,0.000,0.000,NO BLACK,NO BUNDLE,0,0,0,,,,0,1,0,1,0.677664,0.607385,876,84,0.103704,ACQUIRING STAND 1/4,,,,,,,,,,
230,7.666667,30.831,17.324,0,0,0,0.000000,0.000000,0.000000,0.000000,0.000000,0,0.000,0.000,NO BLACK,NO BUNDLE,0,0,0,,,,0,1,0,0,0.677664,0.607385,876,84,0.103704,STAND TEMPORARILY LOST (1),,,,,,,,,,
231,7.700000,30.896,18.537,0,0,0,0.000000,0.000000,0.000000,0.000000,0.000000,0,0.000,0.000,NO BLACK,NO BUNDLE,0,0,0,,,,0,1,0,0,0.677664,0.607385,876,84,0.103704,STAND TEMPORARILY LOST (1),,,,,,,,,,
232,7.733333,36.852,17.835,0,0,0,0.000000,0.000000,0.000000,0.000000,0.000000,0,0.000,0.000,NO BLACK,NO BUNDLE,0,0,0,,,,0,1,0,0,0.677664,0.607385,876,84,0.103704,STAND TEMPORARILY LOST (2),,,,,,,,,,
233,7.766667,36.627,18.378,0,0,0,0.000000,0.000000,0.000000,0.000000,0.000000,0,0.000,0.000,NO BLACK,NO BUNDLE,0,0,0,,,,0,1,0,0,0.677664,0.607385,876,84,0.103704,STAND TEMPORARILY LOST (2),,,,,,,,,,
234,7.800000,30.298,17.908,0,0,0,0.000000,0.000000,0.000000,0.000000,0.000000,0,0.000,0.000,NO BLACK,NO BUNDLE,0,0,0,,,,0,1,0,0,0.677664,0.607385,876,84,0.103704,STAND TEMPORARILY LOST (3),,,,,,,,,,
235,7.833333,33.860,18.836,0,0,0,0.000000,0.000000,0.000000,0.000000,0.000000,0,0.000,0.000,NO BLACK,NO BUNDLE,0,0,0,,,,0,1,0,0,0.677664,0.607385,876,84,0.103704,STAND TEMPORARILY LOST (3),,,,,,,,,,
236,7.866667,34.367,18.127,0,0,0,0.000000,0.000000,0.000000,0.000000,0.000000,0,0.000,0.000,NO BLACK,NO BUNDLE,0,0,0,,,,0,0,0,0,0.000000,0.000000,,,,NEED TWO DARK RAILS AND AN UPRIGHT,,,,,,,,,,
237,7.900000,32.349,17.661,0,0,0,0.000000,0.000000,0.000000,0.000000,0.000000,0,0.000,0.000,NO BLACK,NO BUNDLE,0,0,0,,,,0,1,0,1,0.676024,0.701430,620,68,0.112037,ACQUIRING STAND 1/4,,,,,,,,,,
238,7.933333,32.678,17.360,0,0,0,0.000000,0.000000,0.000000,0.000000,0.000000,0,0.000,0.000,NO BLACK,NO BUNDLE,0,0,0,,,,0,1,0,1,0.761281,0.679710,699,86,0.123750,ACQUIRING STAND 2/4,,,,,,,,,,
239,7.966667,32.319,18.507,0,0,0,0.000000,0.000000,0.000000,0.000000,0.000000,0,0.000,0.000,NO BLACK,NO BUNDLE,0,0,0,,,,0,1,0,1,0.761281,0.679710,699,86,0.123750,ACQUIRING STAND 2/4,,,,,,,,,,
240,8.000000,33.455,17.936,0,0,0,0.000000,0.000000,0.000000,0.000000,0.000000,0,0.000,0.000,NO BLACK,NO BUNDLE,0,0,0,,,,0,1,0,0,0.761281,0.679710,699,86,0.123750,STAND TEMPORARILY LOST (1),,,,,,,,,,
241,8.033333,34.235,18.641,0,0,0,0.000000,0.000000,0.000000,0.000000,0.000000,0,0.000,0.000,NO BLACK,NO BUNDLE,0,0,0,,,,0,1,0,0,0.761281,0.679710,699,86,0.123750,STAND TEMPORARILY LOST (1),,,,,,,,,,
242,8.066667,33.364,18.006,0,0,0,0.000000,0.000000,0.000000,0.000000,0.000000,0,0.000,0.000,NO BLACK,NO BUNDLE,0,0,0,,,,0,1,0,0,0.761281,0.679710,699,86,0.123750,STAND TEMPORARILY LOST (2),,,,,,,,,,
243,8.100000,33.921,18.864,0,0,0,0.000000,0.000000,0.000000,0.000000,0.000000,0,0.000,0.000,NO BLACK,NO BUNDLE,0,0,0,,,,0,1,0,0,0.761281,0.679710,699,86,0.123750,STAND TEMPORARILY LOST (2),,,,,,,,,,
244,8.133333,30.354,18.315,0,0,0,0.000000,0.000000,0.000000,0.000000,0.000000,0,0.000,0.000,NO BLACK,NO BUNDLE,0,0,0,,,,0,1,0,0,0.761281,0.679710,699,86,0.123750,STAND TEMPORARILY LOST (3),,,,,,,,,,
245,8.166667,32.311,19.398,0,0,0,0.000000,0.000000,0.000000,0.000000,0.000000,0,0.000,0.000,NO BLACK,NO BUNDLE,0,0,0,,,,0,1,0,0,0.761281,0.679710,699,86,0.123750,STAND TEMPORARILY LOST (3),,,,,,,,,,
246,8.200000,32.824,18.758,0,0,0,0.000000,0.000000,0.000000,0.000000,0.000000,0,0.000,0.000,NO BLACK,NO BUNDLE,0,0,0,,,,0,0,0,0,0.000000,0.000000,,,,NEED TWO DARK RAILS AND AN UPRIGHT,,,,,,,,,,
247,8.233333,31.891,18.091,0,0,0,0.000000,0.000000,0.000000,0.000000,0.000000,0,0.000,0.000,NO BLACK,NO BUNDLE,0,0,0,,,,0,0,0,0,0.000000,0.000000,,,,NEED TWO DARK RAILS AND AN UPRIGHT,,,,,,,,,,
248,8.266667,33.314,17.645,0,0,0,0.000000,0.000000,0.000000,0.000000,0.000000,0,0.000,0.000,NO BLACK,NO BUNDLE,0,0,0,,,,0,0,0,0,0.000000,0.000000,,,,NEED TWO DARK RAILS AND AN UPRIGHT,,,,,,,,,,
249,8.300000,31.880,17.324,0,0,0,0.000000,0.000000,0.000000,0.000000,0.000000,0,0.000,0.000,NO BLACK,NO BUNDLE,0,0,0,,,,0,0,0,0,0.000000,0.000000,,,,NEED TWO DARK RAILS AND AN UPRIGHT,,,,,,,,,,
250,8.333333,32.683,16.931,0,0,0,0.000000,0.000000,0.000000,0.000000,0.000000,0,0.000,0.000,NO BLACK,NO BUNDLE,0,0,0,,,,0,0,0,0,0.000000,0.000000,,,,NEED TWO DARK RAILS AND AN UPRIGHT,,,,,,,,,,
251,8.366667,35.725,16.453,0,0,0,0.000000,0.000000,0.000000,0.000000,0.000000,0,0.000,0.000,NO BLACK,NO BUNDLE,0,0,0,,,,0,0,0,0,0.000000,0.000000,,,,NEED TWO DARK RAILS AND AN UPRIGHT,,,,,,,,,,
252,8.400000,33.616,16.101,0,0,0,0.000000,0.000000,0.000000,0.000000,0.000000,0,0.000,0.000,NO BLACK,NO BUNDLE,0,0,0,,,,0,0,0,0,0.000000,0.000000,,,,WEAK STAND GEOMETRY,,,,,,,,,,
253,8.433333,36.825,15.685,0,0,0,0.000000,0.000000,0.000000,0.000000,0.000000,0,0.000,0.000,NO BLACK,NO BUNDLE,0,0,0,,,,0,0,0,0,0.000000,0.000000,,,,NEED TWO DARK RAILS AND AN UPRIGHT,,,,,,,,,,
254,8.466667,29.944,15.589,0,0,0,0.000000,0.000000,0.000000,0.000000,0.000000,0,0.000,0.000,NO BLACK,NO BUNDLE,0,0,0,,,,0,0,0,0,0.000000,0.000000,,,,NEED TWO DARK RAILS AND AN UPRIGHT,,,,,,,,,,
255,8.500000,33.915,15.346,0,0,0,0.000000,0.000000,0.000000,0.000000,0.000000,0,0.000,0.000,NO BLACK,NO BUNDLE,0,0,0,,,,0,0,0,0,0.000000,0.000000,,,,NEED TWO DARK RAILS AND AN UPRIGHT,,,,,,,,,,
256,8.533333,32.192,15.259,0,0,0,0.000000,0.000000,0.000000,0.000000,0.000000,0,0.000,0.000,NO BLACK,NO BUNDLE,0,0,0,,,,0,0,0,0,0.000000,0.000000,,,,NEED TWO DARK RAILS AND AN UPRIGHT,,,,,,,,,,
257,8.566667,28.097,15.389,0,0,0,0.000000,0.000000,0.000000,0.000000,0.000000,0,0.000,0.000,NO BLACK,NO BUNDLE,0,0,0,,,,0,0,0,0,0.000000,0.000000,,,,NEED TWO DARK RAILS AND AN UPRIGHT,,,,,,,,,,
258,8.600000,34.020,15.110,0,0,0,0.000000,0.000000,0.000000,0.000000,0.000000,0,0.000,0.000,NO BLACK,NO BUNDLE,0,0,0,,,,0,0,0,0,0.000000,0.000000,,,,NEED TWO DARK RAILS AND AN UPRIGHT,,,,,,,,,,
259,8.633333,30.992,15.198,0,0,0,0.000000,0.000000,0.000000,0.000000,0.000000,0,0.000,0.000,NO BLACK,NO BUNDLE,0,0,0,,,,0,0,0,0,0.000000,0.000000,,,,NEED TWO DARK RAILS AND AN UPRIGHT,,,,,,,,,,
260,8.666667,30.556,15.199,0,0,0,0.000000,0.000000,0.000000,0.000000,0.000000,0,0.000,0.000,NO BLACK,NO BUNDLE,0,0,0,,,,0,1,0,1,0.689254,0.638151,582,70,0.122222,ACQUIRING STAND 1/4,,,,,,,,,,
261,8.700000,31.350,16.794,0,0,0,0.000000,0.000000,0.000000,0.000000,0.000000,0,0.000,0.000,NO BLACK,NO BUNDLE,0,0,0,,,,0,1,0,1,0.689254,0.638151,582,70,0.122222,ACQUIRING STAND 1/4,,,,,,,,,,
262,8.733333,34.905,16.346,0,0,0,0.000000,0.000000,0.000000,0.000000,0.000000,0,0.000,0.000,NO BLACK,NO BUNDLE,0,0,0,,,,0,1,0,0,0.689254,0.638151,582,70,0.122222,STAND TEMPORARILY LOST (1),,,,,,,,,,
263,8.766667,36.131,17.320,0,0,0,0.000000,0.000000,0.000000,0.000000,0.000000,0,0.000,0.000,NO BLACK,NO BUNDLE,0,0,0,,,,0,1,0,0,0.689254,0.638151,582,70,0.122222,STAND TEMPORARILY LOST (1),,,,,,,,,,
264,8.800000,30.516,17.092,0,0,0,0.000000,0.000000,0.000000,0.000000,0.000000,0,0.000,0.000,NO BLACK,NO BUNDLE,0,0,0,,,,0,1,0,0,0.689254,0.638151,582,70,0.122222,STAND TEMPORARILY LOST (2),,,,,,,,,,
265,8.833333,32.986,18.186,0,0,0,0.000000,0.000000,0.000000,0.000000,0.000000,0,0.000,0.000,NO BLACK,NO BUNDLE,0,0,0,,,,0,1,0,0,0.689254,0.638151,582,70,0.122222,STAND TEMPORARILY LOST (2),,,,,,,,,,
266,8.866667,31.756,17.592,0,0,0,0.000000,0.000000,0.000000,0.000000,0.000000,0,0.000,0.000,NO BLACK,NO BUNDLE,0,0,0,,,,0,1,0,1,0.764507,0.683276,676,71,0.128333,ACQUIRING STAND 1/4,,,,,,,,,,
267,8.900000,30.565,18.990,0,0,0,0.000000,0.000000,0.000000,0.000000,0.000000,0,0.000,0.000,NO BLACK,NO BUNDLE,0,0,0,,,,0,1,0,1,0.764507,0.683276,676,71,0.128333,ACQUIRING STAND 1/4,,,,,,,,,,
268,8.933333,30.122,18.545,0,0,0,0.000000,0.000000,0.000000,0.000000,0.000000,0,0.000,0.000,NO BLACK,NO BUNDLE,0,0,0,,,,0,1,0,0,0.764507,0.683276,676,71,0.128333,STAND TEMPORARILY LOST (1),,,,,,,,,,
269,8.966667,30.694,19.880,0,0,0,0.000000,0.000000,0.000000,0.000000,0.000000,0,0.000,0.000,NO BLACK,NO BUNDLE,0,0,0,,,,0,1,0,0,0.764507,0.683276,676,71,0.128333,STAND TEMPORARILY LOST (1),,,,,,,,,,
270,9.000000,34.140,19.015,0,0,0,0.000000,0.000000,0.000000,0.000000,0.000000,0,0.000,0.000,NO BLACK,NO BUNDLE,0,0,0,,,,0,1,0,1,0.664269,0.634663,629,72,0.131083,ACQUIRING STAND 1/4,,,,,,,,,,
271,9.033333,31.446,19.973,0,0,0,0.000000,0.000000,0.000000,0.000000,0.000000,0,0.000,0.000,NO BLACK,NO BUNDLE,0,0,0,,,,0,1,0,1,0.664269,0.634663,629,72,0.131083,ACQUIRING STAND 1/4,,,,,,,,,,
272,9.066667,33.159,19.219,0,0,0,0.000000,0.000000,0.000000,0.000000,0.000000,0,0.000,0.000,NO BLACK,NO BUNDLE,0,0,0,,,,0,1,0,0,0.664269,0.634663,629,72,0.131083,STAND TEMPORARILY LOST (1),,,,,,,,,,
273,9.100000,34.571,19.569,0,0,0,0.000000,0.000000,0.000000,0.000000,0.000000,0,0.000,0.000,NO BLACK,NO BUNDLE,0,0,0,,,,0,1,0,0,0.664269,0.634663,629,72,0.131083,STAND TEMPORARILY LOST (1),,,,,,,,,,
274,9.133333,31.827,18.923,0,0,0,0.000000,0.000000,0.000000,0.000000,0.000000,0,0.000,0.000,NO BLACK,NO BUNDLE,0,0,0,,,,0,1,0,0,0.664269,0.634663,629,72,0.131083,STAND TEMPORARILY LOST (2),,,,,,,,,,
275,9.166667,33.649,19.720,0,0,0,0.000000,0.000000,0.000000,0.000000,0.000000,0,0.000,0.000,NO BLACK,NO BUNDLE,0,0,0,,,,0,1,0,0,0.664269,0.634663,629,72,0.131083,STAND TEMPORARILY LOST (2),,,,,,,,,,
276,9.200000,35.086,18.904,0,0,0,0.000000,0.000000,0.000000,0.000000,0.000000,0,0.000,0.000,NO BLACK,NO BUNDLE,0,0,0,,,,0,1,0,0,0.664269,0.634663,629,72,0.131083,STAND TEMPORARILY LOST (3),,,,,,,,,,
277,9.233333,30.727,20.068,0,0,0,0.000000,0.000000,0.000000,0.000000,0.000000,0,0.000,0.000,NO BLACK,NO BUNDLE,0,0,0,,,,0,1,0,0,0.664269,0.634663,629,72,0.131083,STAND TEMPORARILY LOST (3),,,,,,,,,,
278,9.266667,36.723,19.162,0,0,0,0.000000,0.000000,0.000000,0.000000,0.000000,0,0.000,0.000,NO BLACK,NO BUNDLE,0,0,0,,,,0,0,0,0,0.000000,0.000000,,,,WEAK STAND GEOMETRY,,,,,,,,,,
279,9.300000,32.412,18.662,0,0,0,0.000000,0.000000,0.000000,0.000000,0.000000,0,0.000,0.000,NO BLACK,NO BUNDLE,0,0,0,,,,0,0,0,0,0.000000,0.000000,,,,NEED TWO DARK RAILS AND AN UPRIGHT,,,,,,,,,,
280,9.333333,35.199,17.747,0,0,0,0.000000,0.000000,0.000000,0.000000,0.000000,0,0.000,0.000,NO BLACK,NO BUNDLE,0,0,0,,,,0,0,0,0,0.000000,0.000000,,,,NEED TWO DARK RAILS AND AN UPRIGHT,,,,,,,,,,
281,9.366667,29.943,17.385,0,0,0,0.000000,0.000000,0.000000,0.000000,0.000000,0,0.000,0.000,NO BLACK,NO BUNDLE,0,0,0,,,,0,1,0,1,0.711946,0.745798,874,71,0.116667,ACQUIRING STAND 1/4,,,,,,,,,,
282,9.400000,34.548,16.851,0,0,0,0.000000,0.000000,0.000000,0.000000,0.000000,0,0.000,0.000,NO BLACK,NO BUNDLE,0,0,0,,,,0,1,0,0,0.711946,0.745798,874,71,0.116667,STAND TEMPORARILY LOST (1),,,,,,,,,,
283,9.433333,36.565,17.723,0,0,0,0.000000,0.000000,0.000000,0.000000,0.000000,0,0.000,0.000,NO BLACK,NO BUNDLE,0,0,0,,,,0,1,0,0,0.711946,0.745798,874,71,0.116667,STAND TEMPORARILY LOST (1),,,,,,,,,,
284,9.466667,31.512,17.332,0,0,0,0.000000,0.000000,0.000000,0.000000,0.000000,0,0.000,0.000,NO BLACK,NO BUNDLE,0,0,0,,,,0,1,0,1,0.715308,0.690001,868,75,0.127870,ACQUIRING STAND 1/4,,,,,,,,,,
285,9.500000,33.917,18.356,0,0,0,0.000000,0.000000,0.000000,0.000000,0.000000,0,0.000,0.000,NO BLACK,NO BUNDLE,0,0,0,,,,0,1,0,1,0.715308,0.690001,868,75,0.127870,ACQUIRING STAND 1/4,,,,,,,,,,
286,9.533333,31.414,17.839,0,0,0,0.000000,0.000000,0.000000,0.000000,0.000000,0,0.000,0.000,NO BLACK,NO BUNDLE,0,0,0,,,,0,1,0,0,0.715308,0.690001,868,75,0.127870,STAND TEMPORARILY LOST (1),,,,,,,,,,
287,9.566667,34.377,18.673,0,0,0,0.000000,0.000000,0.000000,0.000000,0.000000,0,0.000,0.000,NO BLACK,NO BUNDLE,0,0,0,,,,0,1,0,0,0.715308,0.690001,868,75,0.127870,STAND TEMPORARILY LOST (1),,,,,,,,,,
288,9.600000,31.461,18.149,0,0,0,0.000000,0.000000,0.000000,0.000000,0.000000,0,0.000,0.000,NO BLACK,NO BUNDLE,0,0,0,,,,0,1,0,0,0.715308,0.690001,868,75,0.127870,STAND TEMPORARILY LOST (2),,,,,,,,,,
289,9.633333,32.849,19.079,0,0,0,0.000000,0.000000,0.000000,0.000000,0.000000,0,0.000,0.000,NO BLACK,NO BUNDLE,0,0,0,,,,0,1,0,0,0.715308,0.690001,868,75,0.127870,STAND TEMPORARILY LOST (2),,,,,,,,,,
290,9.666667,32.630,18.447,0,0,0,0.000000,0.000000,0.000000,0.000000,0.000000,0,0.000,0.000,NO BLACK,NO BUNDLE,0,0,0,,,,0,1,0,0,0.715308,0.690001,868,75,0.127870,STAND TEMPORARILY LOST (3),,,,,,,,,,
291,9.700000,34.235,19.116,0,0,0,0.000000,0.000000,0.000000,0.000000,0.000000,0,0.000,0.000,NO BLACK,NO BUNDLE,0,0,0,,,,0,1,0,0,0.715308,0.690001,868,75,0.127870,STAND TEMPORARILY LOST (3),,,,,,,,,,
292,9.733333,34.178,18.147,0,0,0,0.000000,0.000000,0.000000,0.000000,0.000000,0,0.000,0.000,NO BLACK,NO BUNDLE,0,0,0,,,,0,1,0,1,0.707542,0.652184,782,81,0.145134,ACQUIRING STAND 1/4,,,,,,,,,,
293,9.766667,37.089,18.761,0,0,0,0.000000,0.000000,0.000000,0.000000,0.000000,0,0.000,0.000,NO BLACK,NO BUNDLE,0,0,0,,,,0,1,0,1,0.707542,0.652184,782,81,0.145134,ACQUIRING STAND 1/4,,,,,,,,,,
294,9.800000,30.186,18.283,0,0,0,0.000000,0.000000,0.000000,0.000000,0.000000,0,0.000,0.000,NO BLACK,NO BUNDLE,0,0,0,,,,0,1,0,0,0.707542,0.652184,782,81,0.145134,STAND TEMPORARILY LOST (1),,,,,,,,,,
295,9.833333,35.019,19.049,0,0,0,0.000000,0.000000,0.000000,0.000000,0.000000,0,0.000,0.000,NO BLACK,NO BUNDLE,0,0,0,,,,0,1,0,0,0.707542,0.652184,782,81,0.145134,STAND TEMPORARILY LOST (1),,,,,,,,,,
296,9.866667,33.211,18.381,0,0,0,0.000000,0.000000,0.000000,0.000000,0.000000,0,0.000,0.000,NO BLACK,NO BUNDLE,0,0,0,,,,0,1,0,0,0.707542,0.652184,782,81,0.145134,STAND TEMPORARILY LOST (2),,,,,,,,,,
297,9.900000,31.437,19.576,0,0,0,0.000000,0.000000,0.000000,0.000000,0.000000,0,0.000,0.000,NO BLACK,NO BUNDLE,0,0,0,,,,0,1,0,0,0.707542,0.652184,782,81,0.145134,STAND TEMPORARILY LOST (2),,,,,,,,,,
298,9.933333,33.055,18.814,0,0,0,0.000000,0.000000,0.000000,0.000000,0.000000,0,0.000,0.000,NO BLACK,NO BUNDLE,0,0,0,,,,0,1,0,1,0.689656,0.635477,857,79,0.128459,ACQUIRING STAND 1/4,,,,,,,,,,
299,9.966667,33.723,19.455,0,0,0,0.000000,0.000000,0.000000,0.000000,0.000000,0,0.000,0.000,NO BLACK,NO BUNDLE,0,0,0,,,,0,1,0,1,0.689656,0.635477,857,79,0.128459,ACQUIRING STAND 1/4,,,,,,,,,,
300,10.000000,33.282,18.712,0,0,0,0.000000,0.000000,0.000000,0.000000,0.000000,0,0.000,0.000,NO BLACK,NO BUNDLE,0,0,0,,,,0,1,0,0,0.689656,0.635477,857,79,0.128459,STAND TEMPORARILY LOST (1),,,,,,,,,,
301,10.033333,33.788,19.613,0,0,0,0.000000,0.000000,0.000000,0.000000,0.000000,0,0.000,0.000,NO BLACK,NO BUNDLE,0,0,0,,,,0,1,0,0,0.689656,0.635477,857,79,0.128459,STAND TEMPORARILY LOST (1),,,,,,,,,,
302,10.066667,36.220,18.732,0,0,0,0.000000,0.000000,0.000000,0.000000,0.000000,0,0.000,0.000,NO BLACK,NO BUNDLE,0,0,0,,,,0,1,0,0,0.689656,0.635477,857,79,0.128459,STAND TEMPORARILY LOST (2),,,,,,,,,,
303,10.100000,34.785,19.326,0,0,0,0.000000,0.000000,0.000000,0.000000,0.000000,0,0.000,0.000,NO BLACK,NO BUNDLE,0,0,0,,,,0,1,0,0,0.689656,0.635477,857,79,0.128459,STAND TEMPORARILY LOST (2),,,,,,,,,,
304,10.133333,28.431,18.775,0,0,0,0.000000,0.000000,0.000000,0.000000,0.000000,0,0.000,0.000,NO BLACK,NO BUNDLE,0,0,0,,,,0,1,0,0,0.689656,0.635477,857,79,0.128459,STAND TEMPORARILY LOST (3),,,,,,,,,,
305,10.166667,33.032,19.659,0,0,0,0.000000,0.000000,0.000000,0.000000,0.000000,0,0.000,0.000,NO BLACK,NO BUNDLE,0,0,0,,,,0,1,0,0,0.689656,0.635477,857,79,0.128459,STAND TEMPORARILY LOST (3),,,,,,,,,,
306,10.200000,32.731,18.904,0,0,0,0.000000,0.000000,0.000000,0.000000,0.000000,0,0.000,0.000,NO BLACK,NO BUNDLE,0,0,0,,,,0,1,0,1,0.706728,0.694039,908,75,0.131649,ACQUIRING STAND 1/4,,,,,,,,,,
307,10.233333,31.948,20.003,0,0,0,0.000000,0.000000,0.000000,0.000000,0.000000,0,0.000,0.000,NO BLACK,NO BUNDLE,0,0,0,,,,0,1,0,1,0.706728,0.694039,908,75,0.131649,ACQUIRING STAND 1/4,,,,,,,,,,
308,10.266667,33.965,19.194,0,0,0,0.000000,0.000000,0.000000,0.000000,0.000000,0,0.000,0.000,NO BLACK,NO BUNDLE,0,0,0,,,,0,1,0,0,0.706728,0.694039,908,75,0.131649,STAND TEMPORARILY LOST (1),,,,,,,,,,
309,10.300000,35.543,19.893,0,0,0,0.000000,0.000000,0.000000,0.000000,0.000000,0,0.000,0.000,NO BLACK,NO BUNDLE,0,0,0,,,,0,1,0,0,0.706728,0.694039,908,75,0.131649,STAND TEMPORARILY LOST (1),,,,,,,,,,
310,10.333333,32.977,19.081,0,0,0,0.000000,0.000000,0.000000,0.000000,0.000000,0,0.000,0.000,NO BLACK,NO BUNDLE,0,0,0,,,,0,1,0,0,0.706728,0.694039,908,75,0.131649,STAND TEMPORARILY LOST (2),,,,,,,,,,
311,10.366667,30.974,20.129,0,0,0,0.000000,0.000000,0.000000,0.000000,0.000000,0,0.000,0.000,NO BLACK,NO BUNDLE,0,0,0,,,,0,1,0,0,0.706728,0.694039,908,75,0.131649,STAND TEMPORARILY LOST (2),,,,,,,,,,
312,10.400000,33.475,19.266,0,0,0,0.000000,0.000000,0.000000,0.000000,0.000000,0,0.000,0.000,NO BLACK,NO BUNDLE,0,0,0,,,,0,1,0,0,0.706728,0.694039,908,75,0.131649,STAND TEMPORARILY LOST (3),,,,,,,,,,
313,10.433333,39.823,19.565,0,0,0,0.000000,0.000000,0.000000,0.000000,0.000000,0,0.000,0.000,NO BLACK,NO BUNDLE,0,0,0,,,,0,1,0,0,0.706728,0.694039,908,75,0.131649,STAND TEMPORARILY LOST (3),,,,,,,,,,
314,10.466667,32.322,18.901,0,0,0,0.000000,0.000000,0.000000,0.000000,0.000000,0,0.000,0.000,NO BLACK,NO BUNDLE,0,0,0,,,,0,0,0,0,0.000000,0.000000,,,,NEED TWO DARK RAILS AND AN UPRIGHT,,,,,,,,,,
315,10.500000,30.409,18.402,0,0,0,0.000000,0.000000,0.000000,0.000000,0.000000,0,0.000,0.000,NO BLACK,NO BUNDLE,0,0,0,,,,0,0,0,0,0.000000,0.000000,,,,NEED TWO DARK RAILS AND AN UPRIGHT,,,,,,,,,,
316,10.533333,33.982,17.852,0,0,0,0.000000,0.000000,0.000000,0.000000,0.000000,0,0.000,0.000,NO BLACK,NO BUNDLE,0,0,0,,,,0,0,0,0,0.000000,0.000000,,,,NEED TWO DARK RAILS AND AN UPRIGHT,,,,,,,,,,
317,10.566667,32.716,17.344,0,0,0,0.000000,0.000000,0.000000,0.000000,0.000000,0,0.000,0.000,NO BLACK,NO BUNDLE,0,0,0,,,,0,0,0,0,0.000000,0.000000,,,,NEED TWO DARK RAILS AND AN UPRIGHT,,,,,,,,,,
318,10.600000,33.044,17.027,0,0,0,0.000000,0.000000,0.000000,0.000000,0.000000,0,0.000,0.000,NO BLACK,NO BUNDLE,0,0,0,,,,0,0,0,0,0.000000,0.000000,,,,NEED TWO DARK RAILS AND AN UPRIGHT,,,,,,,,,,
319,10.633333,30.652,16.811,0,0,0,0.000000,0.000000,0.000000,0.000000,0.000000,0,0.000,0.000,NO BLACK,NO BUNDLE,0,0,0,,,,0,0,0,0,0.000000,0.000000,,,,NEED TWO DARK RAILS AND AN UPRIGHT,,,,,,,,,,
320,10.666667,33.738,16.425,0,0,0,0.000000,0.000000,0.000000,0.000000,0.000000,0,0.000,0.000,NO BLACK,NO BUNDLE,0,0,0,,,,0,1,0,1,0.682329,0.607034,966,90,0.103704,ACQUIRING STAND 1/4,,,,,,,,,,
321,10.700000,31.475,18.046,0,0,0,0.000000,0.000000,0.000000,0.000000,0.000000,0,0.000,0.000,NO BLACK,NO BUNDLE,0,0,0,,,,0,1,0,1,0.682329,0.607034,966,90,0.103704,ACQUIRING STAND 1/4,,,,,,,,,,
322,10.733333,33.881,17.497,0,0,0,0.000000,0.000000,0.000000,0.000000,0.000000,0,0.000,0.000,NO BLACK,NO BUNDLE,0,0,0,,,,0,1,0,0,0.682329,0.607034,966,90,0.103704,STAND TEMPORARILY LOST (1),,,,,,,,,,
323,10.766667,32.201,18.718,0,0,0,0.000000,0.000000,0.000000,0.000000,0.000000,0,0.000,0.000,NO BLACK,NO BUNDLE,0,0,0,,,,0,1,0,0,0.682329,0.607034,966,90,0.103704,STAND TEMPORARILY LOST (1),,,,,,,,,,
324,10.800000,28.264,18.267,0,0,0,0.000000,0.000000,0.000000,0.000000,0.000000,0,0.000,0.000,NO BLACK,NO BUNDLE,0,0,0,,,,0,1,0,0,0.682329,0.607034,966,90,0.103704,STAND TEMPORARILY LOST (2),,,,,,,,,,
325,10.833333,30.522,19.533,0,0,0,0.000000,0.000000,0.000000,0.000000,0.000000,0,0.000,0.000,NO BLACK,NO BUNDLE,0,0,0,,,,0,1,0,0,0.682329,0.607034,966,90,0.103704,STAND TEMPORARILY LOST (2),,,,,,,,,,
326,10.866667,34.115,18.755,0,0,0,0.000000,0.000000,0.000000,0.000000,0.000000,0,0.000,0.000,NO BLACK,NO BUNDLE,0,0,0,,,,0,1,0,1,0.724277,0.656870,957,88,0.130185,ACQUIRING STAND 1/4,,,,,,,,,,
327,10.900000,31.387,19.793,0,0,0,0.000000,0.000000,0.000000,0.000000,0.000000,0,0.000,0.000,NO BLACK,NO BUNDLE,0,0,0,,,,0,1,0,1,0.724277,0.656870,957,88,0.130185,ACQUIRING STAND 1/4,,,,,,,,,,
328,10.933333,32.973,19.040,0,0,0,0.000000,0.000000,0.000000,0.000000,0.000000,0,0.000,0.000,NO BLACK,NO BUNDLE,0,0,0,,,,0,1,0,0,0.724277,0.656870,957,88,0.130185,STAND TEMPORARILY LOST (1),,,,,,,,,,
329,10.966667,37.112,19.506,0,0,0,0.000000,0.000000,0.000000,0.000000,0.000000,0,0.000,0.000,NO BLACK,NO BUNDLE,0,0,0,,,,0,1,0,0,0.724277,0.656870,957,88,0.130185,STAND TEMPORARILY LOST (1),,,,,,,,,,
330,11.000000,42.004,18.417,0,0,0,0.000000,0.000000,0.000000,0.000000,0.000000,0,0.000,0.000,NO BLACK,NO BUNDLE,0,0,0,,,,0,1,0,0,0.724277,0.656870,957,88,0.130185,STAND TEMPORARILY LOST (2),,,,,,,,,,
331,11.033333,32.184,19.398,0,0,0,0.000000,0.000000,0.000000,0.000000,0.000000,0,0.000,0.000,NO BLACK,NO BUNDLE,0,0,0,,,,0,1,0,0,0.724277,0.656870,957,88,0.130185,STAND TEMPORARILY LOST (2),,,,,,,,,,
332,11.066667,32.665,18.697,0,0,0,0.000000,0.000000,0.000000,0.000000,0.000000,0,0.000,0.000,NO BLACK,NO BUNDLE,0,0,0,,,,0,1,0,0,0.724277,0.656870,957,88,0.130185,STAND TEMPORARILY LOST (3),,,,,,,,,,
333,11.100000,32.912,19.573,0,0,0,0.000000,0.000000,0.000000,0.000000,0.000000,0,0.000,0.000,NO BLACK,NO BUNDLE,0,0,0,,,,0,1,0,0,0.724277,0.656870,957,88,0.130185,STAND TEMPORARILY LOST (3),,,,,,,,,,
334,11.133333,31.591,18.705,0,0,0,0.000000,0.000000,0.000000,0.000000,0.000000,0,0.000,0.000,NO BLACK,NO BUNDLE,0,0,0,,,,0,0,0,0,0.000000,0.000000,,,,NEED TWO DARK RAILS AND AN UPRIGHT,,,,,,,,,,
335,11.166667,30.919,18.191,0,0,0,0.000000,0.000000,0.000000,0.000000,0.000000,0,0.000,0.000,NO BLACK,NO BUNDLE,0,0,0,,,,0,0,0,0,0.000000,0.000000,,,,NEED TWO DARK RAILS AND AN UPRIGHT,,,,,,,,,,
336,11.200000,33.178,17.462,0,0,0,0.000000,0.000000,0.000000,0.000000,0.000000,0,0.000,0.000,NO BLACK,NO BUNDLE,0,0,0,,,,0,1,0,1,0.650422,0.562555,762,74,0.114815,ACQUIRING STAND 1/4,,,,,,,,,,
337,11.233333,31.304,18.768,0,0,0,0.000000,0.000000,0.000000,0.000000,0.000000,0,0.000,0.000,NO BLACK,NO BUNDLE,0,0,0,,,,0,1,0,1,0.650422,0.562555,762,74,0.114815,ACQUIRING STAND 1/4,,,,,,,,,,
338,11.266667,33.705,18.233,0,0,0,0.000000,0.000000,0.000000,0.000000,0.000000,0,0.000,0.000,NO BLACK,NO BUNDLE,0,0,0,,,,0,1,0,0,0.650422,0.562555,762,74,0.114815,STAND TEMPORARILY LOST (1),,,,,,,,,,
339,11.300000,31.747,19.431,0,0,0,0.000000,0.000000,0.000000,0.000000,0.000000,0,0.000,0.000,NO BLACK,NO BUNDLE,0,0,0,,,,0,1,0,0,0.650422,0.562555,762,74,0.114815,STAND TEMPORARILY LOST (1),,,,,,,,,,
340,11.333333,32.036,18.706,0,0,0,0.000000,0.000000,0.000000,0.000000,0.000000,0,0.000,0.000,NO BLACK,NO BUNDLE,0,0,0,,,,0,1,0,0,0.650422,0.562555,762,74,0.114815,STAND TEMPORARILY LOST (2),,,,,,,,,,
341,11.366667,33.563,19.627,0,0,0,0.000000,0.000000,0.000000,0.000000,0.000000,0,0.000,0.000,NO BLACK,NO BUNDLE,0,0,0,,,,0,1,0,0,0.650422,0.562555,762,74,0.114815,STAND TEMPORARILY LOST (2),,,,,,,,,,
342,11.400000,36.139,18.729,0,0,0,0.000000,0.000000,0.000000,0.000000,0.000000,0,0.000,0.000,NO BLACK,NO BUNDLE,0,0,0,,,,0,1,0,0,0.650422,0.562555,762,74,0.114815,STAND TEMPORARILY LOST (3),,,,,,,,,,
343,11.433333,36.262,19.529,0,0,0,0.000000,0.000000,0.000000,0.000000,0.000000,0,0.000,0.000,NO BLACK,NO BUNDLE,0,0,0,,,,0,1,0,0,0.650422,0.562555,762,74,0.114815,STAND TEMPORARILY LOST (3),,,,,,,,,,
344,11.466667,31.991,18.914,0,0,0,0.000000,0.000000,0.000000,0.000000,0.000000,0,0.000,0.000,NO BLACK,NO BUNDLE,0,0,0,,,,0,0,0,0,0.000000,0.000000,,,,NEED TWO DARK RAILS AND AN UPRIGHT,,,,,,,,,,
345,11.500000,30.676,18.277,0,0,0,0.000000,0.000000,0.000000,0.000000,0.000000,0,0.000,0.000,NO BLACK,NO BUNDLE,0,0,0,,,,0,0,0,0,0.000000,0.000000,,,,NEED TWO DARK RAILS AND AN UPRIGHT,,,,,,,,,,
346,11.533333,34.734,17.705,0,0,0,0.000000,0.000000,0.000000,0.000000,0.000000,0,0.000,0.000,NO BLACK,NO BUNDLE,0,0,0,,,,0,0,0,0,0.000000,0.000000,,,,NEED TWO DARK RAILS AND AN UPRIGHT,,,,,,,,,,
347,11.566667,29.470,17.482,0,0,0,0.000000,0.000000,0.000000,0.000000,0.000000,0,0.000,0.000,NO BLACK,NO BUNDLE,0,0,0,,,,0,0,0,0,0.000000,0.000000,,,,NEED TWO DARK RAILS AND AN UPRIGHT,,,,,,,,,,
348,11.600000,33.149,17.007,0,0,0,0.000000,0.000000,0.000000,0.000000,0.000000,0,0.000,0.000,NO BLACK,NO BUNDLE,0,0,0,,,,0,0,0,0,0.000000,0.000000,,,,NEED TWO DARK RAILS AND AN UPRIGHT,,,,,,,,,,
349,11.633333,34.764,16.614,0,0,0,0.000000,0.000000,0.000000,0.000000,0.000000,0,0.000,0.000,NO BLACK,NO BUNDLE,0,0,0,,,,0,0,0,0,0.000000,0.000000,,,,NEED TWO DARK RAILS AND AN UPRIGHT,,,,,,,,,,
350,11.666667,33.241,16.235,0,0,0,0.000000,0.000000,0.000000,0.000000,0.000000,0,0.000,0.000,NO BLACK,NO BUNDLE,0,0,0,,,,0,0,0,0,0.000000,0.000000,,,,NEED TWO DARK RAILS AND AN UPRIGHT,,,,,,,,,,
351,11.700000,34.929,15.883,0,0,0,0.000000,0.000000,0.000000,0.000000,0.000000,0,0.000,0.000,NO BLACK,NO BUNDLE,0,0,0,,,,0,0,0,0,0.000000,0.000000,,,,NEED TWO DARK RAILS AND AN UPRIGHT,,,,,,,,,,
352,11.733333,34.078,15.675,0,0,0,0.000000,0.000000,0.000000,0.000000,0.000000,0,0.000,0.000,NO BLACK,NO BUNDLE,0,0,0,,,,0,1,0,1,0.695960,0.701440,664,71,0.116667,ACQUIRING STAND 1/4,,,,,,,,,,
353,11.766667,33.289,17.015,0,0,0,0.000000,0.000000,0.000000,0.000000,0.000000,0,0.000,0.000,NO BLACK,NO BUNDLE,0,0,0,,,,0,1,0,1,0.695960,0.701440,664,71,0.116667,ACQUIRING STAND 1/4,,,,,,,,,,
354,11.800000,29.815,16.873,0,0,0,0.000000,0.000000,0.000000,0.000000,0.000000,0,0.000,0.000,NO BLACK,NO BUNDLE,0,0,0,,,,0,1,0,0,0.695960,0.701440,664,71,0.116667,STAND TEMPORARILY LOST (1),,,,,,,,,,
355,11.833333,34.392,17.974,0,0,0,0.000000,0.000000,0.000000,0.000000,0.000000,0,0.000,0.000,NO BLACK,NO BUNDLE,0,0,0,,,,0,1,0,0,0.695960,0.701440,664,71,0.116667,STAND TEMPORARILY LOST (1),,,,,,,,,,
356,11.866667,32.681,17.491,0,0,0,0.000000,0.000000,0.000000,0.000000,0.000000,0,0.000,0.000,NO BLACK,NO BUNDLE,0,0,0,,,,0,1,0,0,0.695960,0.701440,664,71,0.116667,STAND TEMPORARILY LOST (2),,,,,,,,,,
357,11.900000,31.126,18.851,0,0,0,0.000000,0.000000,0.000000,0.000000,0.000000,0,0.000,0.000,NO BLACK,NO BUNDLE,0,0,0,,,,0,1,0,0,0.695960,0.701440,664,71,0.116667,STAND TEMPORARILY LOST (2),,,,,,,,,,
358,11.933333,36.585,18.062,0,0,0,0.000000,0.000000,0.000000,0.000000,0.000000,0,0.000,0.000,NO BLACK,NO BUNDLE,0,0,0,,,,0,1,0,0,0.695960,0.701440,664,71,0.116667,STAND TEMPORARILY LOST (3),,,,,,,,,,
359,11.966667,33.428,19.134,0,0,0,0.000000,0.000000,0.000000,0.000000,0.000000,0,0.000,0.000,NO BLACK,NO BUNDLE,0,0,0,,,,0,1,0,0,0.695960,0.701440,664,71,0.116667,STAND TEMPORARILY LOST (3),,,,,,,,,,
360,12.000000,32.549,18.540,0,0,0,0.000000,0.000000,0.000000,0.000000,0.000000,0,0.000,0.000,NO BLACK,NO BUNDLE,0,0,0,,,,0,0,0,0,0.000000,0.000000,,,,NEED TWO DARK RAILS AND AN UPRIGHT,,,,,,,,,,
361,12.033333,34.197,17.838,0,0,0,0.000000,0.000000,0.000000,0.000000,0.000000,0,0.000,0.000,NO BLACK,NO BUNDLE,0,0,0,,,,0,0,0,0,0.000000,0.000000,,,,NEED TWO DARK RAILS AND AN UPRIGHT,,,,,,,,,,
362,12.066667,34.541,17.313,0,0,0,0.000000,0.000000,0.000000,0.000000,0.000000,0,0.000,0.000,NO BLACK,NO BUNDLE,0,0,0,,,,0,0,0,0,0.000000,0.000000,,,,NEED TWO DARK RAILS AND AN UPRIGHT,,,,,,,,,,
363,12.100000,35.845,16.745,0,0,0,0.000000,0.000000,0.000000,0.000000,0.000000,0,0.000,0.000,NO BLACK,NO BUNDLE,0,0,0,,,,0,0,0,0,0.000000,0.000000,,,,NEED TWO DARK RAILS AND AN UPRIGHT,,,,,,,,,,
364,12.133333,29.754,16.636,0,0,0,0.000000,0.000000,0.000000,0.000000,0.000000,0,0.000,0.000,NO BLACK,NO BUNDLE,0,0,0,,,,0,0,0,0,0.000000,0.000000,,,,NEED TWO DARK RAILS AND AN UPRIGHT,,,,,,,,,,
365,12.166667,34.041,16.302,0,0,0,0.000000,0.000000,0.000000,0.000000,0.000000,0,0.000,0.000,NO BLACK,NO BUNDLE,0,0,0,,,,0,0,0,0,0.000000,0.000000,,,,NEED TWO DARK RAILS AND AN UPRIGHT,,,,,,,,,,
366,12.200000,34.983,16.048,0,0,0,0.000000,0.000000,0.000000,0.000000,0.000000,0,0.000,0.000,NO BLACK,NO BUNDLE,0,0,0,,,,0,1,0,1,0.677317,0.650791,556,67,0.116667,ACQUIRING STAND 1/4,,,,,,,,,,
367,12.233333,30.895,17.772,0,0,0,0.000000,0.000000,0.000000,0.000000,0.000000,0,0.000,0.000,NO BLACK,NO BUNDLE,0,0,0,,,,0,1,0,1,0.677317,0.650791,556,67,0.116667,ACQUIRING STAND 1/4,,,,,,,,,,
368,12.266667,33.600,17.355,0,0,0,0.000000,0.000000,0.000000,0.000000,0.000000,0,0.000,0.000,NO BLACK,NO BUNDLE,0,0,0,,,,0,1,0,0,0.677317,0.650791,556,67,0.116667,STAND TEMPORARILY LOST (1),,,,,,,,,,
369,12.300000,33.061,18.634,0,0,0,0.000000,0.000000,0.000000,0.000000,0.000000,0,0.000,0.000,NO BLACK,NO BUNDLE,0,0,0,,,,0,1,0,0,0.677317,0.650791,556,67,0.116667,STAND TEMPORARILY LOST (1),,,,,,,,,,
